tuoi,gioi_tinh,lich_su_dat_ve,so_tien_trung_binh,thoi_diem_tim_kiem,diem_di,diem_den,thoi_gian_bay_ua_thich,hinh_thuc_thanh_toan,click_vao_chuyen_bay,tham_gia_chuyen_bay
56,Nam,2,2734489,19,TP.HCM,Hà Nội,Sáng,Tiền mặt,0,0
53,Nữ,1,2266891,6,Nha Trang,Hà Nội,Tối,Ví điện tử,0,0
50,Nữ,2,1417040,27,TP.HCM,Đà Nẵng,Tối,Tiền mặt,1,0
45,Nam,2,2454354,12,TP.HCM,Hà Nội,Tối,Thẻ tín dụng,1,0
20,Nam,3,3916664,28,Nha Trang,Đà Nẵng,Chiều,Chuyển khoản,1,0
43,Nam,0,3245683,28,TP.HCM,Hà Nội,Sáng,Tiền mặt,1,0
25,Nữ,0,2370928,4,TP.HCM,Nha Trang,Tối,Thẻ tín dụng,0,0
23,Nam,1,771836,18,TP.HCM,Đà Nẵng,Chiều,Chuyển khoản,1,0
53,Nữ,2,3379190,28,Đà Nẵng,Hà Nội,Tối,Ví điện tử,0,0
33,Nam,5,1925472,25,Nha Trang,TP.HCM,Chiều,Tiền mặt,1,0
61,Nữ,1,2237095,3,Đà Nẵng,TP.HCM,Sáng,Tiền mặt,1,0
59,Nam,1,2343400,8,TP.HCM,Hà Nội,Chiều,Tiền mặt,1,0
40,Nữ,3,3491650,1,Nha Trang,Đà Nẵng,Sáng,Ví điện tử,1,1
20,Nữ,4,622409,28,TP.HCM,Đà Nẵng,Tối,Tiền mặt,0,1
56,Nam,3,4372998,13,TP.HCM,Nha Trang,Sáng,Ví điện tử,1,0
30,Nữ,0,3459034,19,Đà Nẵng,Hà Nội,Sáng,Thẻ tín dụng,0,0
62,Nữ,1,4527419,12,Nha Trang,TP.HCM,Tối,Tiền mặt,0,0
28,Nữ,1,4060920,7,Hà Nội,Đà Nẵng,Tối,Ví điện tử,1,0
44,Nam,3,4716263,27,Nha Trang,Hà Nội,Tối,Thẻ tín dụng,1,0
59,Nam,2,1996176,17,Đà Nẵng,TP.HCM,Sáng,Chuyển khoản,0,0
56,Nữ,2,1313168,2,Hà Nội,Đà Nẵng,Chiều,Tiền mặt,1,1
54,Nam,3,2722809,6,TP.HCM,Đà Nẵng,Tối,Chuyển khoản,0,0
28,Nam,1,2241093,24,Hà Nội,TP.HCM,Tối,Thẻ tín dụng,1,0
39,Nam,1,1904104,28,TP.HCM,Nha Trang,Chiều,Thẻ tín dụng,1,0
20,Nam,2,2107618,19,TP.HCM,Nha Trang,Tối,Tiền mặt,1,0
58,Nữ,3,4112600,25,Nha Trang,Hà Nội,Sáng,Ví điện tử,0,0
59,Nam,3,2019163,17,Nha Trang,TP.HCM,Chiều,Tiền mặt,0,0
29,Nam,2,4614639,3,Hà Nội,TP.HCM,Tối,Tiền mặt,1,1
50,Nữ,1,1291971,6,Hà Nội,TP.HCM,Sáng,Ví điện tử,1,0
42,Nam,1,3299487,14,Nha Trang,Đà Nẵng,Tối,Ví điện tử,1,0
33,Nam,2,2207923,24,Đà Nẵng,Hà Nội,Sáng,Thẻ tín dụng,1,0
34,Nữ,2,2483509,14,Đà Nẵng,TP.HCM,Tối,Chuyển khoản,1,0
25,Nữ,4,4272962,17,TP.HCM,Nha Trang,Chiều,Tiền mặt,0,0
47,Nữ,3,3009079,29,TP.HCM,Đà Nẵng,Sáng,Chuyển khoản,1,0
52,Nữ,1,4835868,21,Đà Nẵng,Hà Nội,Chiều,Tiền mặt,0,0
20,Nữ,1,3110910,22,Đà Nẵng,Hà Nội,Tối,Chuyển khoản,1,0
41,Nữ,2,1605534,27,Đà Nẵng,Nha Trang,Tối,Thẻ tín dụng,0,0
57,Nam,3,3795990,26,Hà Nội,TP.HCM,Tối,Ví điện tử,1,0
30,Nam,0,4542787,13,Đà Nẵng,TP.HCM,Chiều,Thẻ tín dụng,0,0
63,Nam,3,1496161,23,Hà Nội,Đà Nẵng,Tối,Chuyển khoản,1,0
39,Nữ,1,1525715,10,Hà Nội,Đà Nẵng,Chiều,Thẻ tín dụng,1,0
54,Nam,2,1504646,4,Nha Trang,Đà Nẵng,Tối,Chuyển khoản,1,1
47,Nữ,4,3467197,19,Nha Trang,Hà Nội,Sáng,Tiền mặt,1,0
45,Nam,2,3913821,23,TP.HCM,Đà Nẵng,Sáng,Ví điện tử,1,0
18,Nam,1,1543233,22,TP.HCM,Đà Nẵng,Tối,Chuyển khoản,1,0
18,Nam,4,2664367,19,Hà Nội,Nha Trang,Chiều,Chuyển khoản,1,1
31,Nam,0,2248014,17,Nha Trang,Hà Nội,Tối,Tiền mặt,1,0
22,Nam,1,1669748,7,Nha Trang,Đà Nẵng,Chiều,Thẻ tín dụng,1,0
54,Nam,3,4193305,19,Hà Nội,Đà Nẵng,Tối,Ví điện tử,1,0
22,Nam,7,3549851,1,Hà Nội,Đà Nẵng,Sáng,Tiền mặt,1,1
54,Nam,3,2748988,13,Hà Nội,Nha Trang,Chiều,Chuyển khoản,0,0
52,Nữ,2,3853597,2,Đà Nẵng,Nha Trang,Chiều,Chuyển khoản,0,0
62,Nữ,1,3706420,29,TP.HCM,Đà Nẵng,Tối,Tiền mặt,0,0
26,Nam,3,570640,7,Hà Nội,Đà Nẵng,Chiều,Thẻ tín dụng,1,1
49,Nam,4,1398320,17,Nha Trang,TP.HCM,Sáng,Tiền mặt,1,0
39,Nam,1,3725187,12,Nha Trang,Đà Nẵng,Sáng,Chuyển khoản,1,0
26,Nữ,4,1539458,12,Đà Nẵng,TP.HCM,Tối,Tiền mặt,1,0
53,Nữ,2,1701193,26,Đà Nẵng,TP.HCM,Tối,Chuyển khoản,0,0
22,Nam,7,1832397,13,Nha Trang,Đà Nẵng,Tối,Chuyển khoản,0,0
44,Nữ,1,4165060,6,Nha Trang,Đà Nẵng,Sáng,Thẻ tín dụng,1,0
18,Nam,3,3115075,6,Đà Nẵng,Nha Trang,Chiều,Tiền mặt,1,1
61,Nữ,3,2379490,13,Hà Nội,Nha Trang,Tối,Ví điện tử,0,0
37,Nam,0,1954908,9,Hà Nội,TP.HCM,Sáng,Thẻ tín dụng,1,0
45,Nữ,2,4908224,6,Nha Trang,TP.HCM,Tối,Ví điện tử,1,1
62,Nam,1,2725300,16,Nha Trang,Đà Nẵng,Tối,Ví điện tử,1,0
54,Nam,2,1358158,9,Nha Trang,Đà Nẵng,Tối,Tiền mặt,0,0
18,Nam,3,2985195,24,Nha Trang,Hà Nội,Chiều,Chuyển khoản,1,0
45,Nữ,2,1844027,28,Hà Nội,Đà Nẵng,Sáng,Thẻ tín dụng,1,0
44,Nam,2,2679996,13,TP.HCM,Nha Trang,Chiều,Chuyển khoản,1,0
35,Nữ,3,4062737,27,Nha Trang,TP.HCM,Chiều,Thẻ tín dụng,0,1
50,Nam,4,2266616,22,Hà Nội,Nha Trang,Tối,Chuyển khoản,1,0
50,Nữ,2,1823483,17,Nha Trang,Đà Nẵng,Chiều,Chuyển khoản,1,0
20,Nữ,4,1587341,1,Nha Trang,Hà Nội,Chiều,Chuyển khoản,1,1
18,Nữ,3,1008153,2,Đà Nẵng,Nha Trang,Tối,Thẻ tín dụng,1,1
29,Nữ,2,3945498,25,Nha Trang,TP.HCM,Tối,Chuyển khoản,1,0
40,Nam,3,827359,28,Nha Trang,Hà Nội,Sáng,Chuyển khoản,1,0
35,Nữ,3,1864133,1,Hà Nội,TP.HCM,Sáng,Chuyển khoản,1,1
59,Nam,2,3963351,17,Hà Nội,Nha Trang,Sáng,Tiền mặt,1,0
41,Nam,0,2349396,2,TP.HCM,Nha Trang,Chiều,Thẻ tín dụng,1,0
28,Nữ,0,3857519,11,Hà Nội,TP.HCM,Chiều,Ví điện tử,0,0
57,Nam,3,2450367,18,Hà Nội,Nha Trang,Sáng,Tiền mặt,1,0
38,Nam,1,2882357,21,Đà Nẵng,TP.HCM,Chiều,Tiền mặt,1,0
29,Nam,1,591865,13,Hà Nội,TP.HCM,Tối,Thẻ tín dụng,1,0
64,Nam,1,2783869,11,TP.HCM,Hà Nội,Tối,Thẻ tín dụng,1,0
43,Nam,1,4482588,20,Đà Nẵng,Hà Nội,Chiều,Tiền mặt,0,0
39,Nam,2,2578007,19,Đà Nẵng,TP.HCM,Tối,Ví điện tử,1,0
63,Nữ,1,618033,26,Hà Nội,TP.HCM,Tối,Chuyển khoản,1,0
42,Nam,1,4220464,7,TP.HCM,Hà Nội,Sáng,Thẻ tín dụng,0,0
42,Nữ,5,2623221,2,Hà Nội,Đà Nẵng,Tối,Thẻ tín dụng,1,1
61,Nam,0,2960072,5,Hà Nội,Đà Nẵng,Tối,Chuyển khoản,1,0
51,Nam,1,1661157,5,TP.HCM,Đà Nẵng,Tối,Chuyển khoản,1,1
38,Nam,1,2755363,11,TP.HCM,Đà Nẵng,Tối,Ví điện tử,0,0
41,Nữ,1,3353406,8,Nha Trang,Đà Nẵng,Sáng,Tiền mặt,1,0
23,Nữ,4,4647703,6,Nha Trang,TP.HCM,Sáng,Tiền mặt,1,1
32,Nữ,3,564323,19,TP.HCM,Hà Nội,Chiều,Chuyển khoản,0,0
29,Nữ,0,1364909,6,TP.HCM,Hà Nội,Chiều,Thẻ tín dụng,1,0
53,Nữ,2,4257974,10,TP.HCM,Hà Nội,Chiều,Chuyển khoản,1,0
19,Nam,0,1156702,5,TP.HCM,Nha Trang,Tối,Ví điện tử,0,0
32,Nữ,2,2824797,28,TP.HCM,Hà Nội,Tối,Thẻ tín dụng,1,0
28,Nam,2,4306503,22,TP.HCM,Nha Trang,Chiều,Ví điện tử,0,0
28,Nữ,2,1373172,5,TP.HCM,Hà Nội,Tối,Chuyển khoản,1,1
43,Nam,3,3836007,7,Nha Trang,Hà Nội,Chiều,Tiền mặt,1,1
55,Nam,3,4181262,23,Nha Trang,TP.HCM,Chiều,Thẻ tín dụng,1,0
57,Nữ,1,2127781,3,TP.HCM,Nha Trang,Chiều,Tiền mặt,1,0
32,Nữ,6,2861632,4,Đà Nẵng,Nha Trang,Tối,Chuyển khoản,1,1
27,Nam,2,3717635,13,Đà Nẵng,Hà Nội,Chiều,Thẻ tín dụng,0,0
46,Nam,2,2207692,2,Nha Trang,TP.HCM,Tối,Tiền mặt,0,0
53,Nữ,2,888349,10,Hà Nội,TP.HCM,Sáng,Thẻ tín dụng,1,0
40,Nam,2,1755564,8,Đà Nẵng,Nha Trang,Tối,Ví điện tử,1,1
64,Nam,2,3857679,4,Nha Trang,TP.HCM,Tối,Ví điện tử,1,0
59,Nam,2,998716,14,Hà Nội,TP.HCM,Tối,Tiền mặt,1,0
40,Nữ,0,2502324,26,Hà Nội,TP.HCM,Tối,Chuyển khoản,1,0
18,Nam,3,818408,21,Đà Nẵng,Hà Nội,Sáng,Chuyển khoản,1,0
43,Nam,1,1729336,26,Hà Nội,Đà Nẵng,Chiều,Tiền mặt,1,0
35,Nam,3,3249178,19,Đà Nẵng,Nha Trang,Tối,Thẻ tín dụng,0,0
23,Nữ,0,4478400,17,TP.HCM,Đà Nẵng,Sáng,Chuyển khoản,1,0
43,Nữ,0,1795302,17,Hà Nội,Đà Nẵng,Tối,Ví điện tử,1,0
39,Nữ,0,3852252,8,Hà Nội,Nha Trang,Sáng,Ví điện tử,1,0
30,Nữ,3,3819260,16,TP.HCM,Nha Trang,Chiều,Ví điện tử,1,0
31,Nam,3,4443645,6,Nha Trang,Đà Nẵng,Sáng,Thẻ tín dụng,1,1
25,Nam,3,2780827,1,Nha Trang,Hà Nội,Chiều,Ví điện tử,0,0
24,Nữ,1,3102967,23,Hà Nội,Đà Nẵng,Chiều,Ví điện tử,1,1
64,Nam,6,1399885,11,Hà Nội,TP.HCM,Sáng,Chuyển khoản,1,0
38,Nữ,1,4741361,7,Hà Nội,Đà Nẵng,Tối,Tiền mặt,1,0
38,Nam,0,4839235,29,Nha Trang,TP.HCM,Chiều,Thẻ tín dụng,1,0
64,Nam,3,4902294,12,Đà Nẵng,Nha Trang,Tối,Thẻ tín dụng,1,0
47,Nam,2,2483851,24,Đà Nẵng,TP.HCM,Sáng,Chuyển khoản,0,0
63,Nữ,1,2232465,19,Nha Trang,Đà Nẵng,Sáng,Ví điện tử,1,0
19,Nam,2,4562442,14,TP.HCM,Nha Trang,Chiều,Thẻ tín dụng,1,0
62,Nam,5,3803457,17,Hà Nội,Nha Trang,Sáng,Tiền mặt,1,0
29,Nam,1,1216756,27,Nha Trang,TP.HCM,Tối,Tiền mặt,1,0
57,Nữ,2,4918441,13,TP.HCM,Hà Nội,Chiều,Tiền mặt,1,0
63,Nữ,0,1649947,22,Hà Nội,TP.HCM,Chiều,Tiền mặt,1,0
53,Nữ,1,1376031,4,Hà Nội,TP.HCM,Chiều,Tiền mặt,1,0
52,Nữ,3,915008,26,Đà Nẵng,TP.HCM,Sáng,Thẻ tín dụng,0,0
52,Nam,3,1726952,26,Đà Nẵng,Hà Nội,Chiều,Chuyển khoản,1,0
57,Nam,3,1824070,3,Đà Nẵng,TP.HCM,Chiều,Ví điện tử,1,1
61,Nam,1,1116036,12,TP.HCM,Đà Nẵng,Sáng,Ví điện tử,1,0
34,Nữ,2,4302429,16,Hà Nội,TP.HCM,Chiều,Thẻ tín dụng,1,0
38,Nam,7,2064718,10,Đà Nẵng,Hà Nội,Chiều,Tiền mặt,1,0
43,Nam,2,1164180,7,Nha Trang,Đà Nẵng,Chiều,Chuyển khoản,0,0
40,Nữ,2,781570,18,Nha Trang,TP.HCM,Tối,Ví điện tử,1,0
31,Nam,2,3855745,3,Nha Trang,TP.HCM,Chiều,Ví điện tử,1,1
40,Nữ,0,4095790,24,Hà Nội,Đà Nẵng,Sáng,Thẻ tín dụng,1,0
42,Nam,4,4817922,10,Hà Nội,TP.HCM,Sáng,Ví điện tử,1,1
30,Nữ,5,2593373,21,Hà Nội,TP.HCM,Sáng,Ví điện tử,1,0
61,Nam,3,2629885,17,Hà Nội,Nha Trang,Chiều,Chuyển khoản,0,0
47,Nam,3,1285332,14,Đà Nẵng,TP.HCM,Sáng,Chuyển khoản,0,0
41,Nữ,0,3688729,5,Nha Trang,TP.HCM,Sáng,Tiền mặt,1,0
23,Nữ,6,931413,21,Đà Nẵng,Hà Nội,Sáng,Tiền mặt,1,0
60,Nữ,1,4328464,26,Hà Nội,TP.HCM,Chiều,Ví điện tử,1,0
22,Nữ,2,3795097,17,Đà Nẵng,TP.HCM,Chiều,Tiền mặt,0,0
35,Nữ,1,2605058,6,TP.HCM,Đà Nẵng,Chiều,Ví điện tử,1,0
42,Nữ,2,2680712,24,Hà Nội,TP.HCM,Chiều,Thẻ tín dụng,0,0
26,Nam,0,3210241,12,Nha Trang,Hà Nội,Chiều,Tiền mặt,0,0
42,Nữ,1,1574135,28,Nha Trang,Hà Nội,Tối,Tiền mặt,1,0
22,Nam,0,4657893,5,Nha Trang,Đà Nẵng,Tối,Ví điện tử,0,0
22,Nam,1,902732,29,Nha Trang,TP.HCM,Tối,Tiền mặt,1,0
57,Nữ,2,2866610,16,Nha Trang,TP.HCM,Sáng,Thẻ tín dụng,1,0
58,Nam,1,2230228,10,Nha Trang,Đà Nẵng,Tối,Chuyển khoản,0,0
24,Nữ,4,970452,7,Đà Nẵng,TP.HCM,Chiều,Thẻ tín dụng,0,0
31,Nữ,2,988972,14,TP.HCM,Hà Nội,Chiều,Ví điện tử,1,0
57,Nữ,2,2855874,16,Đà Nẵng,TP.HCM,Chiều,Thẻ tín dụng,0,0
27,Nam,3,4568316,22,Nha Trang,Đà Nẵng,Tối,Ví điện tử,1,0
21,Nam,2,1097897,22,Hà Nội,TP.HCM,Chiều,Tiền mặt,1,0
35,Nam,4,2435740,12,Đà Nẵng,TP.HCM,Tối,Tiền mặt,0,1
23,Nữ,2,4921590,26,Nha Trang,TP.HCM,Tối,Thẻ tín dụng,0,0
21,Nữ,2,1886652,11,Hà Nội,Nha Trang,Chiều,Chuyển khoản,0,0
31,Nam,1,4222946,17,Nha Trang,Đà Nẵng,Tối,Ví điện tử,1,1
46,Nam,3,3840216,5,Đà Nẵng,TP.HCM,Chiều,Tiền mặt,1,1
55,Nữ,1,4517136,25,TP.HCM,Đà Nẵng,Sáng,Tiền mặt,1,0
61,Nam,2,2942266,14,Nha Trang,TP.HCM,Chiều,Thẻ tín dụng,1,1
46,Nữ,0,4477019,26,Hà Nội,Đà Nẵng,Chiều,Ví điện tử,1,0
42,Nam,0,3381990,17,TP.HCM,Hà Nội,Chiều,Tiền mặt,1,0
26,Nam,1,2304673,24,Nha Trang,TP.HCM,Tối,Chuyển khoản,1,0
34,Nam,0,1278513,18,Nha Trang,TP.HCM,Sáng,Thẻ tín dụng,1,0
49,Nam,6,1936536,14,Hà Nội,Đà Nẵng,Tối,Tiền mặt,0,0
39,Nữ,1,2278599,18,Đà Nẵng,TP.HCM,Sáng,Tiền mặt,1,0
50,Nữ,1,1768300,20,Hà Nội,TP.HCM,Chiều,Chuyển khoản,1,0
55,Nữ,3,2491083,17,Hà Nội,Nha Trang,Chiều,Chuyển khoản,1,0
23,Nữ,3,864359,18,Hà Nội,Nha Trang,Sáng,Ví điện tử,1,0
64,Nam,1,1725811,16,Đà Nẵng,Nha Trang,Tối,Thẻ tín dụng,1,0
43,Nữ,1,1432817,22,Hà Nội,Đà Nẵng,Chiều,Thẻ tín dụng,1,0
42,Nữ,3,2549927,29,Đà Nẵng,Nha Trang,Tối,Chuyển khoản,1,0
61,Nữ,2,1531519,24,Hà Nội,Đà Nẵng,Tối,Ví điện tử,1,0
27,Nam,1,2351317,15,TP.HCM,Đà Nẵng,Tối,Ví điện tử,0,0
47,Nữ,5,4531419,24,Đà Nẵng,Hà Nội,Chiều,Ví điện tử,1,0
58,Nam,3,1836737,4,Đà Nẵng,TP.HCM,Tối,Tiền mặt,1,1
29,Nữ,3,3118137,8,TP.HCM,Nha Trang,Chiều,Thẻ tín dụng,1,1
59,Nam,2,4234340,6,Đà Nẵng,Nha Trang,Chiều,Ví điện tử,1,1
64,Nữ,3,2460826,25,Đà Nẵng,Hà Nội,Tối,Thẻ tín dụng,1,0
54,Nam,0,2741984,8,Đà Nẵng,Nha Trang,Tối,Ví điện tử,1,0
40,Nam,1,3154837,14,Nha Trang,Hà Nội,Tối,Thẻ tín dụng,1,0
29,Nam,2,2968152,22,Nha Trang,TP.HCM,Tối,Tiền mặt,0,1
54,Nữ,3,4515470,15,Nha Trang,Đà Nẵng,Chiều,Thẻ tín dụng,1,0
37,Nữ,1,3343940,20,TP.HCM,Nha Trang,Chiều,Tiền mặt,0,0
52,Nam,2,3447762,14,TP.HCM,Đà Nẵng,Tối,Thẻ tín dụng,1,0
41,Nữ,1,4215288,18,Nha Trang,TP.HCM,Sáng,Chuyển khoản,1,0
64,Nữ,2,3684790,13,TP.HCM,Đà Nẵng,Chiều,Chuyển khoản,0,0
25,Nữ,1,3622951,29,Hà Nội,Nha Trang,Sáng,Tiền mặt,1,0
39,Nam,3,528625,17,Hà Nội,TP.HCM,Tối,Thẻ tín dụng,1,0
29,Nữ,0,3027576,14,TP.HCM,Nha Trang,Tối,Chuyển khoản,1,0
48,Nữ,3,3127144,1,Đà Nẵng,Hà Nội,Sáng,Tiền mặt,1,1
26,Nam,0,1221384,11,TP.HCM,Nha Trang,Chiều,Thẻ tín dụng,1,0
63,Nữ,4,3387296,24,Hà Nội,Nha Trang,Tối,Thẻ tín dụng,0,0
38,Nam,1,4532654,21,Đà Nẵng,TP.HCM,Sáng,Chuyển khoản,1,0
50,Nữ,1,3537099,6,Hà Nội,Nha Trang,Chiều,Thẻ tín dụng,0,0
63,Nam,3,1817191,16,TP.HCM,Nha Trang,Chiều,Ví điện tử,1,0
46,Nam,1,2154753,16,Hà Nội,Đà Nẵng,Chiều,Tiền mặt,1,0
32,Nam,3,3310860,21,TP.HCM,Hà Nội,Sáng,Ví điện tử,0,1
64,Nam,0,2201667,11,TP.HCM,Nha Trang,Tối,Ví điện tử,1,0
30,Nữ,1,1205475,16,Hà Nội,Nha Trang,Tối,Chuyển khoản,1,0
46,Nam,2,4617923,18,Nha Trang,Đà Nẵng,Chiều,Chuyển khoản,1,0
43,Nữ,0,1254950,12,Nha Trang,TP.HCM,Chiều,Tiền mặt,0,0
24,Nữ,2,655683,20,Hà Nội,Nha Trang,Chiều,Chuyển khoản,1,0
18,Nam,2,3209644,23,Nha Trang,Hà Nội,Tối,Chuyển khoản,1,0
45,Nữ,1,4560119,26,Đà Nẵng,TP.HCM,Tối,Ví điện tử,1,0
41,Nam,1,1997618,4,TP.HCM,Nha Trang,Tối,Thẻ tín dụng,1,0
35,Nam,1,1001174,18,Đà Nẵng,TP.HCM,Tối,Ví điện tử,0,0
61,Nam,2,1363663,5,Nha Trang,TP.HCM,Sáng,Tiền mặt,1,1
49,Nữ,2,3391005,25,Đà Nẵng,TP.HCM,Chiều,Chuyển khoản,1,0
38,Nam,2,4923408,11,Nha Trang,Hà Nội,Chiều,Tiền mặt,1,0
36,Nam,4,3758084,1,TP.HCM,Nha Trang,Sáng,Chuyển khoản,1,1
50,Nam,1,4810796,17,Đà Nẵng,Hà Nội,Chiều,Tiền mặt,1,0
61,Nữ,1,4859879,18,TP.HCM,Hà Nội,Tối,Ví điện tử,1,0
20,Nữ,1,1280641,23,Hà Nội,Đà Nẵng,Tối,Tiền mặt,1,0
61,Nam,0,3627748,13,TP.HCM,Hà Nội,Sáng,Ví điện tử,1,0
33,Nữ,3,808623,12,Hà Nội,TP.HCM,Sáng,Chuyển khoản,1,0
47,Nam,1,810375,22,Nha Trang,TP.HCM,Tối,Thẻ tín dụng,1,0
61,Nữ,2,3904231,7,Hà Nội,Đà Nẵng,Tối,Thẻ tín dụng,1,1
29,Nam,2,2192128,23,Đà Nẵng,TP.HCM,Chiều,Ví điện tử,0,0
38,Nữ,1,4094058,3,Nha Trang,Đà Nẵng,Tối,Ví điện tử,1,0
21,Nữ,2,2083246,22,Hà Nội,Nha Trang,Tối,Tiền mặt,1,0
29,Nữ,1,4981617,13,Nha Trang,Hà Nội,Chiều,Chuyển khoản,1,0
47,Nữ,1,4988198,20,TP.HCM,Đà Nẵng,Sáng,Chuyển khoản,1,0
52,Nữ,1,2203377,14,Nha Trang,TP.HCM,Tối,Ví điện tử,1,0
42,Nam,2,4374910,14,TP.HCM,Đà Nẵng,Sáng,Thẻ tín dụng,0,0
63,Nam,1,1468616,6,TP.HCM,Hà Nội,Chiều,Ví điện tử,0,0
25,Nữ,2,3512539,12,TP.HCM,Đà Nẵng,Tối,Tiền mặt,1,0
30,Nữ,4,971082,2,TP.HCM,Hà Nội,Chiều,Thẻ tín dụng,1,1
22,Nam,2,3616810,18,Đà Nẵng,Nha Trang,Tối,Tiền mặt,0,0
26,Nam,1,2265524,9,TP.HCM,Hà Nội,Tối,Thẻ tín dụng,1,0
24,Nữ,1,2119715,7,Hà Nội,TP.HCM,Sáng,Chuyển khoản,0,0
46,Nam,3,2654174,29,Đà Nẵng,Nha Trang,Chiều,Tiền mặt,1,0
39,Nam,3,1094305,27,TP.HCM,Nha Trang,Sáng,Ví điện tử,1,0
38,Nữ,1,1160902,5,Nha Trang,Đà Nẵng,Chiều,Ví điện tử,0,1
62,Nữ,4,3107411,23,Hà Nội,Đà Nẵng,Chiều,Ví điện tử,0,0
51,Nam,2,4315144,29,Nha Trang,Đà Nẵng,Tối,Tiền mặt,1,0
38,Nữ,1,3021279,17,Hà Nội,Đà Nẵng,Tối,Ví điện tử,1,0
19,Nam,1,4914473,18,TP.HCM,Nha Trang,Tối,Chuyển khoản,0,0
38,Nam,3,2227408,15,TP.HCM,Hà Nội,Tối,Thẻ tín dụng,1,0
62,Nam,1,2661088,23,Hà Nội,Đà Nẵng,Sáng,Ví điện tử,1,1
40,Nam,1,4555447,3,Nha Trang,TP.HCM,Chiều,Ví điện tử,0,0
38,Nữ,5,1707786,26,Nha Trang,TP.HCM,Tối,Tiền mặt,0,0
49,Nữ,0,2513321,6,TP.HCM,Hà Nội,Tối,Tiền mặt,0,0
34,Nữ,3,3116241,3,TP.HCM,Đà Nẵng,Chiều,Tiền mặt,0,0
31,Nam,0,4116984,26,TP.HCM,Nha Trang,Tối,Ví điện tử,1,0
27,Nữ,4,612990,16,Hà Nội,Đà Nẵng,Chiều,Thẻ tín dụng,1,0
28,Nữ,0,2000071,18,Đà Nẵng,Hà Nội,Sáng,Chuyển khoản,0,0
31,Nữ,3,2250740,12,Nha Trang,Đà Nẵng,Chiều,Ví điện tử,0,0
38,Nam,5,2047261,21,Hà Nội,Nha Trang,Chiều,Tiền mặt,1,0
63,Nam,2,951157,22,Đà Nẵng,Nha Trang,Sáng,Chuyển khoản,1,0
46,Nam,1,817875,27,TP.HCM,Nha Trang,Chiều,Tiền mặt,1,0
40,Nữ,4,3392478,22,Nha Trang,Đà Nẵng,Chiều,Thẻ tín dụng,1,0
56,Nữ,3,3013024,12,Nha Trang,Đà Nẵng,Tối,Tiền mặt,1,0
57,Nam,2,2140920,10,Hà Nội,TP.HCM,Sáng,Ví điện tử,1,0
44,Nữ,1,3028268,9,TP.HCM,Đà Nẵng,Sáng,Ví điện tử,1,1
43,Nam,2,4976321,21,Nha Trang,Hà Nội,Sáng,Chuyển khoản,1,0
48,Nam,3,3880355,20,Nha Trang,Đà Nẵng,Tối,Ví điện tử,1,0
43,Nữ,2,2427205,14,TP.HCM,Nha Trang,Sáng,Ví điện tử,1,0
37,Nữ,3,3170308,16,Đà Nẵng,TP.HCM,Tối,Chuyển khoản,0,0
41,Nam,3,1396816,14,TP.HCM,Nha Trang,Tối,Tiền mặt,0,0
29,Nữ,4,4658179,23,Hà Nội,TP.HCM,Tối,Chuyển khoản,1,0
45,Nữ,5,2627599,15,Hà Nội,TP.HCM,Chiều,Thẻ tín dụng,0,0
31,Nữ,3,4396892,10,Đà Nẵng,Nha Trang,Tối,Ví điện tử,1,1
47,Nữ,2,4502713,19,Nha Trang,Đà Nẵng,Tối,Tiền mặt,1,0
37,Nam,3,2747939,7,Nha Trang,TP.HCM,Tối,Ví điện tử,1,1
41,Nữ,2,4151387,12,Đà Nẵng,Nha Trang,Sáng,Chuyển khoản,0,0
41,Nữ,1,2278539,10,TP.HCM,Đà Nẵng,Chiều,Ví điện tử,0,0
52,Nữ,3,2738057,25,Đà Nẵng,Nha Trang,Tối,Thẻ tín dụng,1,0
62,Nữ,1,2900081,26,Đà Nẵng,Hà Nội,Chiều,Chuyển khoản,1,0
50,Nam,1,2459310,18,TP.HCM,Hà Nội,Tối,Chuyển khoản,1,0
41,Nam,2,4041483,24,Nha Trang,Đà Nẵng,Tối,Thẻ tín dụng,0,0
38,Nữ,2,4267255,17,Đà Nẵng,TP.HCM,Tối,Chuyển khoản,1,0
29,Nữ,1,4177361,21,Nha Trang,Đà Nẵng,Sáng,Thẻ tín dụng,0,0
24,Nữ,3,1178841,11,Đà Nẵng,Nha Trang,Tối,Tiền mặt,0,0
34,Nữ,2,4349033,21,TP.HCM,Nha Trang,Sáng,Thẻ tín dụng,0,0
19,Nữ,0,3329455,16,Đà Nẵng,Hà Nội,Tối,Tiền mặt,1,0
29,Nam,0,3866823,6,TP.HCM,Đà Nẵng,Sáng,Chuyển khoản,1,0
49,Nữ,1,1088158,4,Hà Nội,Nha Trang,Chiều,Thẻ tín dụng,1,0
57,Nam,4,3139929,28,Nha Trang,Hà Nội,Sáng,Ví điện tử,1,1
42,Nữ,0,4868327,12,TP.HCM,Hà Nội,Tối,Thẻ tín dụng,1,0
23,Nữ,2,1450162,5,Nha Trang,Đà Nẵng,Chiều,Tiền mặt,1,1
27,Nữ,0,4963158,9,Đà Nẵng,Hà Nội,Tối,Ví điện tử,1,0
57,Nữ,2,580257,7,Hà Nội,Đà Nẵng,Chiều,Thẻ tín dụng,1,1
44,Nữ,2,4124064,23,Đà Nẵng,TP.HCM,Tối,Chuyển khoản,0,0
60,Nam,4,1916207,1,Nha Trang,TP.HCM,Tối,Chuyển khoản,1,1
38,Nữ,5,739968,4,Hà Nội,Đà Nẵng,Sáng,Tiền mặt,1,1
22,Nam,2,1527557,18,TP.HCM,Hà Nội,Sáng,Thẻ tín dụng,0,0
28,Nam,3,4347125,3,Hà Nội,Nha Trang,Chiều,Chuyển khoản,1,1
38,Nam,0,4915677,1,Đà Nẵng,Nha Trang,Chiều,Ví điện tử,0,0
58,Nữ,2,3989429,17,Đà Nẵng,Hà Nội,Chiều,Tiền mặt,1,0
32,Nữ,1,4852892,16,Hà Nội,Nha Trang,Tối,Tiền mặt,0,0
45,Nam,1,4732851,28,Hà Nội,Nha Trang,Tối,Ví điện tử,1,0
20,Nam,2,1127220,3,Hà Nội,Nha Trang,Chiều,Tiền mặt,1,1
31,Nữ,3,2260462,18,Đà Nẵng,Nha Trang,Sáng,Ví điện tử,1,0
44,Nữ,1,3062605,6,Đà Nẵng,Nha Trang,Tối,Thẻ tín dụng,0,0
52,Nữ,3,963001,6,Đà Nẵng,Hà Nội,Sáng,Thẻ tín dụng,0,0
36,Nam,7,1664795,19,TP.HCM,Hà Nội,Tối,Thẻ tín dụng,1,0
55,Nam,0,4070599,17,Nha Trang,TP.HCM,Sáng,Ví điện tử,0,1
42,Nam,1,4819453,9,Nha Trang,Đà Nẵng,Tối,Tiền mặt,0,0
25,Nữ,2,3708823,23,Hà Nội,Nha Trang,Tối,Tiền mặt,1,0
47,Nữ,1,922381,18,Hà Nội,TP.HCM,Sáng,Thẻ tín dụng,1,0
37,Nam,1,960796,9,Đà Nẵng,Nha Trang,Tối,Chuyển khoản,1,0
34,Nam,0,3705599,1,Đà Nẵng,TP.HCM,Chiều,Thẻ tín dụng,0,0
57,Nam,2,2050184,19,TP.HCM,Đà Nẵng,Chiều,Tiền mặt,1,0
57,Nữ,5,770914,22,Nha Trang,TP.HCM,Sáng,Ví điện tử,0,0
44,Nữ,3,2584504,18,Nha Trang,Đà Nẵng,Tối,Chuyển khoản,1,0
43,Nam,2,1853324,17,TP.HCM,Hà Nội,Chiều,Chuyển khoản,1,0
62,Nam,3,3372176,8,TP.HCM,Nha Trang,Chiều,Thẻ tín dụng,0,0
43,Nam,2,1842057,11,Đà Nẵng,Hà Nội,Tối,Ví điện tử,0,0
41,Nữ,0,2892919,21,Đà Nẵng,TP.HCM,Sáng,Thẻ tín dụng,1,0
58,Nam,0,3202994,11,Đà Nẵng,Hà Nội,Chiều,Tiền mặt,0,0
18,Nữ,4,3848924,16,TP.HCM,Hà Nội,Chiều,Tiền mặt,0,0
45,Nữ,1,1147341,23,TP.HCM,Hà Nội,Sáng,Chuyển khoản,1,0
64,Nam,3,2884291,18,Đà Nẵng,Nha Trang,Tối,Tiền mặt,0,0
57,Nam,1,937625,19,Đà Nẵng,Nha Trang,Sáng,Thẻ tín dụng,1,0
46,Nam,3,1356626,22,Đà Nẵng,Hà Nội,Sáng,Tiền mặt,0,0
20,Nữ,1,970529,29,Đà Nẵng,Nha Trang,Tối,Chuyển khoản,0,0
57,Nam,4,4499694,26,TP.HCM,Hà Nội,Chiều,Thẻ tín dụng,1,0
48,Nam,2,3394100,22,Đà Nẵng,Hà Nội,Chiều,Tiền mặt,1,0
62,Nữ,1,2397501,28,Hà Nội,Nha Trang,Sáng,Chuyển khoản,0,0
20,Nữ,3,1219407,26,Nha Trang,Hà Nội,Sáng,Thẻ tín dụng,1,1
50,Nữ,2,568803,5,Nha Trang,TP.HCM,Tối,Thẻ tín dụng,1,1
37,Nam,2,4155074,11,TP.HCM,Nha Trang,Tối,Ví điện tử,1,0
28,Nữ,2,1115863,12,Đà Nẵng,Nha Trang,Sáng,Tiền mặt,1,0
62,Nam,3,4895564,4,TP.HCM,Đà Nẵng,Sáng,Tiền mặt,0,0
60,Nam,1,3533349,27,TP.HCM,Hà Nội,Sáng,Ví điện tử,0,0
59,Nữ,1,4110793,28,Đà Nẵng,Hà Nội,Tối,Tiền mặt,1,0
21,Nữ,2,1350350,20,TP.HCM,Nha Trang,Tối,Tiền mặt,0,0
39,Nam,1,4696656,13,Nha Trang,Đà Nẵng,Sáng,Tiền mặt,1,0
40,Nam,1,626060,19,TP.HCM,Hà Nội,Chiều,Chuyển khoản,0,0
61,Nữ,2,2172795,24,Đà Nẵng,TP.HCM,Tối,Thẻ tín dụng,1,0
51,Nam,4,4872216,24,Nha Trang,TP.HCM,Chiều,Tiền mặt,1,0
38,Nữ,1,739779,22,Đà Nẵng,Nha Trang,Chiều,Tiền mặt,0,0
51,Nam,3,2623238,28,Hà Nội,Nha Trang,Chiều,Tiền mặt,0,0
58,Nam,2,2727503,12,Đà Nẵng,Hà Nội,Tối,Chuyển khoản,1,0
53,Nam,1,841207,23,TP.HCM,Hà Nội,Tối,Thẻ tín dụng,1,0
34,Nam,5,4661900,3,TP.HCM,Nha Trang,Sáng,Tiền mặt,0,0
62,Nam,3,3301445,3,Nha Trang,TP.HCM,Sáng,Thẻ tín dụng,1,1
63,Nam,2,1453692,22,TP.HCM,Hà Nội,Tối,Thẻ tín dụng,1,0
59,Nam,3,3202882,24,Nha Trang,TP.HCM,Sáng,Tiền mặt,1,0
52,Nam,4,1188152,5,Hà Nội,Nha Trang,Tối,Tiền mặt,1,1
57,Nữ,5,3346230,9,Nha Trang,TP.HCM,Tối,Chuyển khoản,1,1
21,Nữ,1,1797991,3,Đà Nẵng,Hà Nội,Tối,Chuyển khoản,1,0
49,Nam,0,659292,19,Nha Trang,Đà Nẵng,Tối,Tiền mặt,1,0
57,Nam,0,1692097,10,Hà Nội,Đà Nẵng,Sáng,Ví điện tử,0,0
19,Nam,0,2774316,24,Hà Nội,Nha Trang,Sáng,Thẻ tín dụng,0,0
56,Nữ,1,3960989,23,Nha Trang,Hà Nội,Tối,Ví điện tử,1,0
56,Nữ,3,2184532,19,TP.HCM,Nha Trang,Chiều,Ví điện tử,1,0
34,Nam,4,2098099,18,Nha Trang,Hà Nội,Chiều,Ví điện tử,0,0
41,Nam,2,3833178,23,Nha Trang,Hà Nội,Chiều,Chuyển khoản,1,0
48,Nữ,1,3297921,11,TP.HCM,Đà Nẵng,Chiều,Thẻ tín dụng,0,0
48,Nam,2,1314422,24,Hà Nội,Nha Trang,Tối,Ví điện tử,1,1
22,Nữ,1,1916842,25,Đà Nẵng,TP.HCM,Sáng,Chuyển khoản,1,0
44,Nữ,5,3825495,12,Hà Nội,Nha Trang,Sáng,Tiền mặt,1,0
40,Nữ,2,3644311,23,Hà Nội,Đà Nẵng,Chiều,Ví điện tử,0,0
38,Nam,2,3482410,17,Nha Trang,TP.HCM,Sáng,Tiền mặt,1,0
26,Nữ,0,2964722,19,Hà Nội,Nha Trang,Tối,Ví điện tử,1,1
54,Nam,3,3388939,9,TP.HCM,Nha Trang,Sáng,Chuyển khoản,0,0
35,Nam,3,3173829,11,Hà Nội,TP.HCM,Tối,Thẻ tín dụng,1,0
53,Nam,2,3610691,18,Hà Nội,TP.HCM,Sáng,Chuyển khoản,1,0
61,Nam,2,1789467,11,TP.HCM,Đà Nẵng,Tối,Chuyển khoản,1,0
27,Nữ,1,2838377,14,TP.HCM,Hà Nội,Chiều,Ví điện tử,0,0
19,Nữ,0,1237954,25,Đà Nẵng,Hà Nội,Chiều,Chuyển khoản,1,0
29,Nữ,1,3480248,4,TP.HCM,Đà Nẵng,Sáng,Thẻ tín dụng,0,0
18,Nữ,3,2863162,22,TP.HCM,Hà Nội,Sáng,Thẻ tín dụng,0,0
47,Nam,1,792575,21,TP.HCM,Đà Nẵng,Sáng,Tiền mặt,1,0
24,Nữ,1,4676426,21,Đà Nẵng,Nha Trang,Chiều,Chuyển khoản,1,0
64,Nam,4,773452,22,Hà Nội,Đà Nẵng,Chiều,Tiền mặt,0,0
46,Nam,1,3698156,15,Nha Trang,Đà Nẵng,Tối,Ví điện tử,0,0
21,Nam,6,2417160,17,Hà Nội,Đà Nẵng,Tối,Thẻ tín dụng,0,0
59,Nam,3,2977748,8,Đà Nẵng,Hà Nội,Tối,Thẻ tín dụng,1,1
45,Nam,4,852414,9,Nha Trang,Hà Nội,Tối,Chuyển khoản,1,1
22,Nam,1,4377809,6,Nha Trang,TP.HCM,Chiều,Tiền mặt,1,0
38,Nam,5,4499453,3,TP.HCM,Nha Trang,Tối,Chuyển khoản,0,0
61,Nữ,2,4110954,13,Hà Nội,Nha Trang,Sáng,Thẻ tín dụng,1,0
61,Nam,4,3399033,25,Đà Nẵng,TP.HCM,Sáng,Tiền mặt,0,0
35,Nữ,1,3545529,6,TP.HCM,Đà Nẵng,Tối,Thẻ tín dụng,0,0
51,Nữ,4,3533449,8,Hà Nội,Nha Trang,Tối,Tiền mặt,1,1
47,Nam,2,3215223,18,Đà Nẵng,Nha Trang,Tối,Chuyển khoản,1,0
26,Nữ,4,1160327,2,Nha Trang,Đà Nẵng,Sáng,Ví điện tử,1,1
39,Nam,1,2309858,12,Nha Trang,TP.HCM,Tối,Tiền mặt,1,0
26,Nam,3,4801400,29,Nha Trang,TP.HCM,Chiều,Thẻ tín dụng,1,0
37,Nữ,5,4800915,29,Đà Nẵng,TP.HCM,Tối,Thẻ tín dụng,1,0
21,Nam,4,1142762,9,Nha Trang,TP.HCM,Sáng,Thẻ tín dụng,0,1
34,Nữ,1,1706184,29,Đà Nẵng,TP.HCM,Sáng,Chuyển khoản,1,0
38,Nam,2,2284006,15,Nha Trang,Hà Nội,Sáng,Chuyển khoản,1,0
22,Nữ,3,3029832,16,Nha Trang,TP.HCM,Tối,Thẻ tín dụng,1,0
45,Nam,2,3035394,5,Đà Nẵng,Nha Trang,Chiều,Tiền mặt,1,1
44,Nam,4,647745,25,TP.HCM,Đà Nẵng,Tối,Chuyển khoản,1,1
40,Nam,3,3022620,25,Nha Trang,Hà Nội,Chiều,Tiền mặt,0,0
27,Nam,1,1895796,29,TP.HCM,Hà Nội,Chiều,Chuyển khoản,1,0
39,Nam,3,3803364,13,Đà Nẵng,Hà Nội,Tối,Thẻ tín dụng,1,0
54,Nam,2,4911887,27,TP.HCM,Nha Trang,Tối,Chuyển khoản,1,0
33,Nam,3,1920858,23,Đà Nẵng,Nha Trang,Chiều,Ví điện tử,1,0
51,Nữ,3,2141232,4,Hà Nội,Nha Trang,Chiều,Thẻ tín dụng,1,1
38,Nam,3,4029921,8,Nha Trang,Hà Nội,Tối,Thẻ tín dụng,0,0
23,Nữ,4,2348058,9,TP.HCM,Đà Nẵng,Chiều,Tiền mặt,0,0
23,Nữ,1,4997968,12,TP.HCM,Hà Nội,Tối,Ví điện tử,1,0
18,Nam,2,2727039,4,TP.HCM,Đà Nẵng,Sáng,Thẻ tín dụng,1,0
52,Nam,0,2968665,1,Nha Trang,TP.HCM,Chiều,Tiền mặt,1,0
21,Nữ,3,4311666,21,Đà Nẵng,Hà Nội,Sáng,Tiền mặt,1,0
23,Nam,0,2973199,3,Hà Nội,Nha Trang,Chiều,Chuyển khoản,1,0
60,Nam,2,4722102,2,Hà Nội,Đà Nẵng,Chiều,Thẻ tín dụng,1,1
54,Nữ,0,2059757,24,Nha Trang,TP.HCM,Tối,Ví điện tử,1,0
36,Nam,2,631184,12,Nha Trang,Đà Nẵng,Tối,Tiền mặt,0,0
44,Nam,4,4957335,27,TP.HCM,Hà Nội,Chiều,Thẻ tín dụng,1,0
58,Nam,2,4254542,7,TP.HCM,Hà Nội,Tối,Thẻ tín dụng,1,1
24,Nữ,1,2068146,22,Nha Trang,Đà Nẵng,Sáng,Tiền mặt,1,0
41,Nữ,1,4355933,29,Đà Nẵng,Nha Trang,Tối,Tiền mặt,1,0
22,Nữ,2,1152755,9,Nha Trang,TP.HCM,Chiều,Chuyển khoản,0,0
24,Nữ,1,3153528,3,Nha Trang,Đà Nẵng,Chiều,Thẻ tín dụng,0,0
27,Nam,1,3968582,27,Đà Nẵng,TP.HCM,Sáng,Chuyển khoản,0,0
44,Nữ,3,3268705,21,Hà Nội,Đà Nẵng,Tối,Tiền mặt,0,0
32,Nam,3,2070234,4,Hà Nội,Đà Nẵng,Tối,Chuyển khoản,0,1
21,Nam,1,2783785,21,Hà Nội,Đà Nẵng,Chiều,Chuyển khoản,1,0
38,Nữ,1,2681533,25,Hà Nội,Đà Nẵng,Chiều,Tiền mặt,0,0
62,Nữ,2,2861216,10,Nha Trang,Hà Nội,Sáng,Ví điện tử,1,0
59,Nam,2,2679441,27,Nha Trang,TP.HCM,Tối,Tiền mặt,1,0
38,Nam,2,3977084,27,Nha Trang,TP.HCM,Tối,Chuyển khoản,1,1
45,Nữ,2,4364044,8,Nha Trang,Đà Nẵng,Tối,Chuyển khoản,1,1
64,Nữ,1,1914718,1,Nha Trang,TP.HCM,Chiều,Ví điện tử,0,0
51,Nữ,0,4551889,3,Hà Nội,Đà Nẵng,Chiều,Thẻ tín dụng,0,0
33,Nữ,0,1869391,23,Đà Nẵng,Hà Nội,Chiều,Chuyển khoản,1,0
36,Nữ,2,4639394,10,Nha Trang,Hà Nội,Tối,Thẻ tín dụng,1,0
44,Nam,1,582409,17,Đà Nẵng,TP.HCM,Chiều,Thẻ tín dụng,1,0
42,Nữ,4,1633754,21,TP.HCM,Nha Trang,Tối,Ví điện tử,1,0
55,Nam,2,3651396,15,Nha Trang,Đà Nẵng,Chiều,Tiền mặt,0,0
39,Nữ,2,2170357,7,Nha Trang,Đà Nẵng,Tối,Chuyển khoản,0,0
21,Nữ,1,797986,14,Hà Nội,TP.HCM,Sáng,Thẻ tín dụng,0,0
55,Nam,1,1270692,17,Đà Nẵng,Hà Nội,Sáng,Ví điện tử,0,0
24,Nữ,4,3647915,28,Đà Nẵng,Hà Nội,Chiều,Chuyển khoản,1,0
42,Nam,1,2349395,24,Nha Trang,Đà Nẵng,Chiều,Thẻ tín dụng,1,0
49,Nữ,4,1571984,21,Đà Nẵng,Nha Trang,Chiều,Chuyển khoản,1,0
62,Nữ,1,576240,12,Nha Trang,Đà Nẵng,Chiều,Tiền mặt,1,0
39,Nữ,2,3034957,20,TP.HCM,Hà Nội,Sáng,Thẻ tín dụng,0,0
34,Nam,4,2020373,1,Đà Nẵng,Nha Trang,Tối,Thẻ tín dụng,1,1
49,Nam,2,983442,4,Hà Nội,TP.HCM,Sáng,Ví điện tử,0,0
28,Nam,1,2251797,19,Hà Nội,Đà Nẵng,Tối,Chuyển khoản,1,0
41,Nam,3,4684238,10,Hà Nội,Nha Trang,Tối,Ví điện tử,0,0
30,Nữ,3,1226448,21,Đà Nẵng,Hà Nội,Sáng,Thẻ tín dụng,0,0
41,Nữ,2,1660294,21,Hà Nội,Đà Nẵng,Sáng,Chuyển khoản,1,0
60,Nam,0,1064430,29,Hà Nội,TP.HCM,Tối,Thẻ tín dụng,1,0
33,Nam,0,3881915,9,Đà Nẵng,TP.HCM,Tối,Thẻ tín dụng,1,0
39,Nữ,3,1025005,29,Nha Trang,TP.HCM,Tối,Tiền mặt,0,0
62,Nam,1,3950087,18,Đà Nẵng,TP.HCM,Chiều,Thẻ tín dụng,1,0
49,Nữ,0,3697445,12,Đà Nẵng,TP.HCM,Sáng,Ví điện tử,0,0
32,Nữ,0,2514017,13,TP.HCM,Nha Trang,Tối,Chuyển khoản,1,0
46,Nữ,2,4413397,14,Nha Trang,TP.HCM,Sáng,Thẻ tín dụng,1,0
21,Nữ,4,4238858,2,Đà Nẵng,TP.HCM,Tối,Chuyển khoản,1,1
45,Nam,1,1199895,15,TP.HCM,Đà Nẵng,Tối,Tiền mặt,0,0
26,Nữ,5,1406450,12,Nha Trang,TP.HCM,Sáng,Thẻ tín dụng,1,0
26,Nữ,2,2297519,23,Đà Nẵng,Nha Trang,Tối,Tiền mặt,1,0
43,Nữ,3,4402908,13,Hà Nội,Đà Nẵng,Tối,Ví điện tử,1,0
57,Nam,1,795866,2,Nha Trang,Hà Nội,Sáng,Chuyển khoản,1,0
61,Nữ,3,2646674,26,Đà Nẵng,Hà Nội,Chiều,Thẻ tín dụng,1,0
55,Nam,3,1462452,26,TP.HCM,Nha Trang,Sáng,Tiền mặt,0,0
24,Nữ,3,4295830,6,Nha Trang,Hà Nội,Sáng,Chuyển khoản,1,1
37,Nữ,2,1927989,6,TP.HCM,Nha Trang,Tối,Thẻ tín dụng,1,1
32,Nữ,1,4072401,16,TP.HCM,Hà Nội,Sáng,Thẻ tín dụng,1,0
57,Nữ,3,4631146,1,TP.HCM,Đà Nẵng,Chiều,Tiền mặt,1,1
44,Nữ,6,4946460,13,Hà Nội,Nha Trang,Tối,Ví điện tử,0,1
38,Nữ,3,1006453,6,Nha Trang,Hà Nội,Sáng,Thẻ tín dụng,0,0
49,Nữ,1,2156042,26,Nha Trang,Hà Nội,Tối,Tiền mặt,1,0
38,Nam,2,4240030,19,Nha Trang,Đà Nẵng,Sáng,Chuyển khoản,1,0
60,Nam,3,2184449,23,TP.HCM,Nha Trang,Sáng,Chuyển khoản,1,0
22,Nam,6,3938780,18,TP.HCM,Nha Trang,Sáng,Chuyển khoản,1,0
40,Nam,2,1365256,22,TP.HCM,Hà Nội,Tối,Chuyển khoản,0,0
24,Nam,1,762091,22,Nha Trang,Hà Nội,Chiều,Thẻ tín dụng,1,0
46,Nữ,1,1884822,27,TP.HCM,Hà Nội,Chiều,Thẻ tín dụng,1,0
37,Nam,3,2713697,5,Nha Trang,Đà Nẵng,Sáng,Tiền mặt,1,1
43,Nữ,1,1929290,22,Đà Nẵng,Nha Trang,Tối,Ví điện tử,1,0
43,Nam,0,988051,23,Hà Nội,TP.HCM,Tối,Thẻ tín dụng,1,0
24,Nữ,3,1447272,3,Hà Nội,Nha Trang,Chiều,Thẻ tín dụng,0,0
34,Nam,4,3121158,21,TP.HCM,Nha Trang,Tối,Chuyển khoản,1,0
59,Nữ,1,4073258,2,Hà Nội,TP.HCM,Chiều,Thẻ tín dụng,0,0
51,Nữ,1,4697079,10,TP.HCM,Nha Trang,Chiều,Ví điện tử,0,0
37,Nữ,4,1538218,14,Đà Nẵng,TP.HCM,Tối,Chuyển khoản,1,0
27,Nữ,1,1213340,13,TP.HCM,Đà Nẵng,Sáng,Thẻ tín dụng,0,0
39,Nữ,2,2222199,24,Nha Trang,Đà Nẵng,Sáng,Tiền mặt,0,0
28,Nam,2,3166981,10,TP.HCM,Đà Nẵng,Sáng,Thẻ tín dụng,1,0
52,Nữ,0,2283611,23,Đà Nẵng,Hà Nội,Chiều,Chuyển khoản,0,0
48,Nữ,2,2769409,9,Hà Nội,Nha Trang,Tối,Tiền mặt,0,0
35,Nam,4,1635270,13,Hà Nội,Nha Trang,Tối,Tiền mặt,1,0
37,Nam,0,1205356,16,Hà Nội,TP.HCM,Tối,Chuyển khoản,1,0
55,Nữ,3,964310,7,TP.HCM,Đà Nẵng,Chiều,Thẻ tín dụng,1,1
57,Nam,2,2499117,22,Nha Trang,Hà Nội,Sáng,Thẻ tín dụng,0,0
42,Nữ,2,3700450,28,Hà Nội,Nha Trang,Chiều,Tiền mặt,1,0
33,Nữ,4,4130623,3,Đà Nẵng,Nha Trang,Chiều,Thẻ tín dụng,1,1
29,Nữ,3,4320888,9,Đà Nẵng,Nha Trang,Sáng,Ví điện tử,0,0
37,Nữ,1,3306284,13,Đà Nẵng,Nha Trang,Sáng,Chuyển khoản,1,0
37,Nam,1,1730796,17,Hà Nội,Đà Nẵng,Tối,Chuyển khoản,0,0
44,Nam,0,2412493,8,Hà Nội,TP.HCM,Chiều,Thẻ tín dụng,0,0
30,Nam,3,4525345,22,TP.HCM,Đà Nẵng,Chiều,Ví điện tử,1,0
56,Nam,3,2954698,21,Đà Nẵng,Nha Trang,Sáng,Chuyển khoản,1,1
34,Nam,4,2126528,25,Đà Nẵng,Hà Nội,Sáng,Ví điện tử,1,0
18,Nữ,2,798783,15,TP.HCM,Nha Trang,Chiều,Chuyển khoản,1,0
25,Nam,1,4130400,11,Hà Nội,TP.HCM,Tối,Ví điện tử,1,0
28,Nam,2,4900852,21,Hà Nội,Đà Nẵng,Tối,Chuyển khoản,1,0
39,Nam,0,3449311,19,Hà Nội,Nha Trang,Sáng,Chuyển khoản,1,0
52,Nam,1,1248692,19,Nha Trang,Hà Nội,Tối,Thẻ tín dụng,0,1
56,Nam,2,3646779,2,Đà Nẵng,TP.HCM,Sáng,Ví điện tử,1,1
21,Nữ,2,2823724,20,TP.HCM,Hà Nội,Tối,Thẻ tín dụng,1,0
53,Nam,3,3997831,24,TP.HCM,Hà Nội,Tối,Ví điện tử,1,0
35,Nữ,5,4031674,9,Hà Nội,Đà Nẵng,Tối,Thẻ tín dụng,0,0
48,Nữ,2,2926105,24,TP.HCM,Đà Nẵng,Sáng,Tiền mặt,1,0
43,Nữ,2,4801828,3,Đà Nẵng,Hà Nội,Sáng,Tiền mặt,1,1
32,Nữ,2,1890254,2,Nha Trang,Đà Nẵng,Sáng,Ví điện tử,1,1
29,Nữ,3,4961213,3,Nha Trang,TP.HCM,Chiều,Ví điện tử,1,1
39,Nam,1,4090437,29,TP.HCM,Nha Trang,Chiều,Chuyển khoản,1,0
32,Nam,1,797584,11,Hà Nội,Đà Nẵng,Chiều,Tiền mặt,1,0
21,Nam,1,1354741,8,Hà Nội,Nha Trang,Tối,Ví điện tử,1,0
27,Nữ,1,2128662,11,TP.HCM,Đà Nẵng,Tối,Chuyển khoản,1,0
62,Nam,0,1416004,24,Hà Nội,Nha Trang,Chiều,Ví điện tử,0,0
22,Nữ,0,1775393,1,Hà Nội,Đà Nẵng,Sáng,Ví điện tử,1,0
28,Nữ,1,3286905,13,Nha Trang,Hà Nội,Tối,Ví điện tử,1,0
45,Nam,3,2505534,20,Nha Trang,Đà Nẵng,Tối,Chuyển khoản,0,0
39,Nam,2,4961902,17,TP.HCM,Hà Nội,Tối,Chuyển khoản,0,0
33,Nam,2,822137,13,Nha Trang,Đà Nẵng,Sáng,Thẻ tín dụng,0,0
31,Nữ,2,4481383,29,Nha Trang,TP.HCM,Sáng,Tiền mặt,1,0
30,Nữ,2,1168629,26,Nha Trang,Đà Nẵng,Tối,Ví điện tử,1,0
43,Nữ,2,1185503,18,Nha Trang,TP.HCM,Sáng,Tiền mặt,1,0
31,Nam,2,2997934,19,Đà Nẵng,Nha Trang,Tối,Chuyển khoản,1,1
52,Nữ,0,4843699,4,Nha Trang,TP.HCM,Tối,Ví điện tử,1,0
61,Nam,3,2241888,3,Nha Trang,Đà Nẵng,Sáng,Chuyển khoản,1,1
31,Nam,1,4348189,4,Hà Nội,Đà Nẵng,Chiều,Chuyển khoản,1,1
33,Nam,0,1508923,13,TP.HCM,Nha Trang,Tối,Ví điện tử,1,0
25,Nam,3,3550999,12,Hà Nội,Đà Nẵng,Chiều,Tiền mặt,1,0
33,Nam,3,3607548,7,Đà Nẵng,TP.HCM,Tối,Ví điện tử,1,1
62,Nữ,1,4433817,29,Đà Nẵng,Nha Trang,Sáng,Tiền mặt,1,0
40,Nam,2,3061913,9,TP.HCM,Nha Trang,Sáng,Chuyển khoản,1,1
20,Nữ,3,942244,22,Nha Trang,Hà Nội,Chiều,Tiền mặt,1,0
18,Nam,2,920602,10,TP.HCM,Hà Nội,Tối,Chuyển khoản,0,0
40,Nam,2,4064360,23,Hà Nội,TP.HCM,Tối,Tiền mặt,0,0
22,Nữ,2,797883,2,Đà Nẵng,TP.HCM,Sáng,Chuyển khoản,0,0
42,Nữ,4,4309395,16,Nha Trang,TP.HCM,Chiều,Tiền mặt,0,0
28,Nữ,3,3058845,2,Nha Trang,Hà Nội,Tối,Tiền mặt,1,1
28,Nữ,1,2790146,21,Nha Trang,Hà Nội,Sáng,Thẻ tín dụng,1,0
61,Nữ,1,2435657,12,TP.HCM,Đà Nẵng,Chiều,Ví điện tử,1,0
19,Nữ,0,1409210,27,Hà Nội,Nha Trang,Tối,Chuyển khoản,1,0
64,Nam,1,1960235,13,Nha Trang,Hà Nội,Sáng,Ví điện tử,1,0
34,Nam,3,4107323,22,Nha Trang,TP.HCM,Tối,Ví điện tử,1,0
47,Nữ,1,3450214,13,TP.HCM,Nha Trang,Chiều,Ví điện tử,1,0
46,Nữ,1,3264717,20,TP.HCM,Hà Nội,Sáng,Chuyển khoản,0,0
54,Nữ,1,3987379,25,Nha Trang,Hà Nội,Tối,Tiền mặt,0,0
39,Nam,0,670948,22,Nha Trang,TP.HCM,Chiều,Tiền mặt,0,0
40,Nam,3,2270403,9,Đà Nẵng,Hà Nội,Sáng,Chuyển khoản,0,0
23,Nam,2,3335743,4,Đà Nẵng,TP.HCM,Sáng,Chuyển khoản,0,1
40,Nam,3,3611500,10,Nha Trang,Hà Nội,Tối,Ví điện tử,1,0
21,Nữ,5,4298196,2,Đà Nẵng,TP.HCM,Sáng,Chuyển khoản,1,1
19,Nữ,3,4104724,11,TP.HCM,Đà Nẵng,Chiều,Thẻ tín dụng,0,0
38,Nam,1,590417,12,TP.HCM,Đà Nẵng,Tối,Chuyển khoản,0,0
45,Nam,1,2423782,2,Đà Nẵng,Hà Nội,Chiều,Thẻ tín dụng,1,0
36,Nam,0,3231303,18,Nha Trang,Hà Nội,Chiều,Thẻ tín dụng,1,0
29,Nữ,1,2943445,2,Nha Trang,Đà Nẵng,Chiều,Chuyển khoản,1,1
47,Nam,1,3970431,29,Hà Nội,Đà Nẵng,Tối,Tiền mặt,1,0
50,Nam,2,648725,16,Đà Nẵng,Nha Trang,Chiều,Tiền mặt,0,0
60,Nam,0,4002415,2,TP.HCM,Nha Trang,Tối,Thẻ tín dụng,0,0
29,Nữ,2,1002264,2,Đà Nẵng,Hà Nội,Chiều,Thẻ tín dụng,1,1
19,Nữ,2,4838586,2,Hà Nội,Đà Nẵng,Chiều,Chuyển khoản,1,1
46,Nữ,2,1696311,21,Hà Nội,Nha Trang,Sáng,Chuyển khoản,0,0
35,Nữ,0,1962603,22,Đà Nẵng,Hà Nội,Chiều,Ví điện tử,0,0
53,Nam,4,3129137,6,TP.HCM,Đà Nẵng,Tối,Chuyển khoản,0,1
33,Nam,2,4624390,14,Nha Trang,TP.HCM,Chiều,Chuyển khoản,1,0
62,Nữ,1,4513582,12,Hà Nội,TP.HCM,Tối,Thẻ tín dụng,1,0
61,Nữ,1,2096246,8,Đà Nẵng,Nha Trang,Sáng,Ví điện tử,0,0
60,Nữ,0,2479746,17,Nha Trang,TP.HCM,Tối,Thẻ tín dụng,1,0
40,Nữ,6,1583329,13,TP.HCM,Nha Trang,Tối,Chuyển khoản,1,0
25,Nữ,0,2498547,12,Đà Nẵng,TP.HCM,Chiều,Chuyển khoản,0,0
64,Nữ,2,3477299,14,TP.HCM,Hà Nội,Sáng,Thẻ tín dụng,1,0
64,Nữ,2,2666791,29,Nha Trang,TP.HCM,Chiều,Thẻ tín dụng,1,0
52,Nam,1,2120179,13,TP.HCM,Hà Nội,Tối,Chuyển khoản,0,0
36,Nữ,2,1784283,25,Nha Trang,Đà Nẵng,Chiều,Tiền mặt,0,0
62,Nữ,2,3031113,26,Đà Nẵng,Nha Trang,Tối,Chuyển khoản,0,0
60,Nữ,3,4209362,12,Hà Nội,TP.HCM,Tối,Tiền mặt,1,0
28,Nam,2,856778,19,Hà Nội,TP.HCM,Tối,Thẻ tín dụng,1,0
55,Nữ,1,2515074,8,TP.HCM,Nha Trang,Sáng,Ví điện tử,1,0
64,Nữ,2,2574520,12,Hà Nội,Đà Nẵng,Sáng,Chuyển khoản,1,0
60,Nữ,6,4601599,17,TP.HCM,Hà Nội,Chiều,Chuyển khoản,1,0
45,Nữ,2,2899771,11,Hà Nội,TP.HCM,Chiều,Chuyển khoản,1,0
46,Nam,2,4230370,16,TP.HCM,Đà Nẵng,Chiều,Ví điện tử,0,0
62,Nam,0,2480407,25,Hà Nội,TP.HCM,Chiều,Thẻ tín dụng,1,0
64,Nữ,2,1810015,23,Nha Trang,Đà Nẵng,Tối,Tiền mặt,1,0
34,Nữ,2,1548966,16,Đà Nẵng,TP.HCM,Chiều,Chuyển khoản,1,0
50,Nữ,0,2868417,4,Hà Nội,TP.HCM,Tối,Ví điện tử,1,0
43,Nữ,1,2063825,9,Hà Nội,TP.HCM,Sáng,Ví điện tử,0,0
41,Nam,2,4683583,14,Hà Nội,Nha Trang,Sáng,Ví điện tử,0,0
46,Nữ,1,2444606,4,Đà Nẵng,Hà Nội,Chiều,Tiền mặt,1,0
63,Nữ,3,1687018,2,Nha Trang,Hà Nội,Tối,Thẻ tín dụng,1,1
35,Nữ,1,3750428,1,Hà Nội,TP.HCM,Sáng,Thẻ tín dụng,1,0
43,Nam,1,4378551,22,Nha Trang,Hà Nội,Tối,Ví điện tử,1,0
54,Nữ,0,2793673,1,Hà Nội,TP.HCM,Chiều,Thẻ tín dụng,0,0
47,Nữ,0,926888,22,Đà Nẵng,Nha Trang,Tối,Ví điện tử,0,0
50,Nam,2,3389190,21,Nha Trang,Hà Nội,Chiều,Thẻ tín dụng,0,0
24,Nữ,2,1251993,11,TP.HCM,Hà Nội,Tối,Ví điện tử,1,0
51,Nam,5,837462,27,Đà Nẵng,Hà Nội,Sáng,Ví điện tử,1,0
45,Nữ,1,4766399,5,Hà Nội,Nha Trang,Sáng,Ví điện tử,1,0
49,Nam,3,3172762,15,Nha Trang,Đà Nẵng,Sáng,Thẻ tín dụng,0,0
46,Nam,1,4246962,3,TP.HCM,Hà Nội,Chiều,Ví điện tử,1,0
37,Nữ,1,2298594,13,Nha Trang,TP.HCM,Chiều,Chuyển khoản,1,0
20,Nữ,3,2009390,7,Hà Nội,Nha Trang,Tối,Thẻ tín dụng,0,0
41,Nữ,2,2082701,8,Đà Nẵng,Hà Nội,Tối,Thẻ tín dụng,0,0
29,Nam,4,2699318,11,Hà Nội,Đà Nẵng,Sáng,Ví điện tử,1,0
42,Nữ,1,690285,28,TP.HCM,Đà Nẵng,Tối,Ví điện tử,0,1
45,Nam,2,3202303,20,Hà Nội,Nha Trang,Sáng,Chuyển khoản,1,1
51,Nữ,0,4820153,8,Hà Nội,Nha Trang,Chiều,Tiền mặt,1,0
56,Nam,1,1331635,22,Nha Trang,TP.HCM,Sáng,Thẻ tín dụng,1,0
27,Nữ,3,3902862,25,TP.HCM,Đà Nẵng,Chiều,Ví điện tử,1,0
56,Nữ,3,4344328,1,TP.HCM,Nha Trang,Sáng,Ví điện tử,1,1
40,Nam,0,1394801,12,TP.HCM,Đà Nẵng,Chiều,Tiền mặt,1,0
50,Nam,3,3267257,3,Nha Trang,Hà Nội,Tối,Thẻ tín dụng,0,0
33,Nam,3,1347405,8,TP.HCM,Hà Nội,Sáng,Ví điện tử,0,0
38,Nam,1,4288264,1,Hà Nội,TP.HCM,Sáng,Chuyển khoản,1,0
40,Nam,2,631562,18,Đà Nẵng,TP.HCM,Chiều,Ví điện tử,1,0
56,Nữ,2,860306,15,Nha Trang,TP.HCM,Chiều,Tiền mặt,0,0
37,Nữ,3,2403124,26,TP.HCM,Đà Nẵng,Sáng,Tiền mặt,1,0
40,Nữ,2,3326267,9,Hà Nội,Nha Trang,Tối,Thẻ tín dụng,0,0
58,Nữ,2,2685132,11,TP.HCM,Hà Nội,Chiều,Tiền mặt,1,0
52,Nam,0,3428785,17,Nha Trang,TP.HCM,Chiều,Thẻ tín dụng,1,0
52,Nữ,2,1946395,11,Hà Nội,Nha Trang,Tối,Tiền mặt,1,0
46,Nữ,5,3778262,18,Hà Nội,Đà Nẵng,Tối,Thẻ tín dụng,1,0
23,Nam,1,2284094,10,Nha Trang,Hà Nội,Sáng,Tiền mặt,1,0
35,Nam,1,1317166,4,TP.HCM,Hà Nội,Sáng,Thẻ tín dụng,1,0
26,Nữ,1,3719598,3,Đà Nẵng,Hà Nội,Tối,Ví điện tử,1,0
22,Nữ,6,4134183,3,Nha Trang,Hà Nội,Tối,Thẻ tín dụng,0,0
26,Nữ,1,4279044,29,Nha Trang,TP.HCM,Sáng,Tiền mặt,0,0
30,Nam,2,1530451,7,TP.HCM,Hà Nội,Chiều,Chuyển khoản,1,1
40,Nam,2,3296749,26,TP.HCM,Đà Nẵng,Sáng,Ví điện tử,1,0
42,Nữ,1,4010764,2,Nha Trang,Hà Nội,Chiều,Thẻ tín dụng,1,0
45,Nam,1,3689858,18,Đà Nẵng,Hà Nội,Tối,Thẻ tín dụng,0,0
22,Nữ,1,1290671,24,Nha Trang,Đà Nẵng,Tối,Chuyển khoản,1,0
61,Nam,3,1269565,19,Đà Nẵng,TP.HCM,Chiều,Tiền mặt,1,0
57,Nam,1,2039663,20,Nha Trang,Hà Nội,Sáng,Tiền mặt,1,0
62,Nữ,3,4235447,18,Đà Nẵng,Nha Trang,Tối,Thẻ tín dụng,1,0
42,Nam,0,3983978,26,TP.HCM,Hà Nội,Sáng,Chuyển khoản,0,0
45,Nữ,2,1663951,21,TP.HCM,Nha Trang,Sáng,Thẻ tín dụng,1,0
25,Nữ,5,2015509,4,Đà Nẵng,Hà Nội,Sáng,Tiền mặt,1,1
62,Nam,0,3369530,1,Đà Nẵng,Hà Nội,Tối,Ví điện tử,1,0
61,Nữ,2,3924638,17,Nha Trang,Hà Nội,Tối,Ví điện tử,1,0
49,Nam,4,1861212,17,TP.HCM,Nha Trang,Chiều,Ví điện tử,1,0
35,Nam,2,2557797,27,Đà Nẵng,Nha Trang,Tối,Thẻ tín dụng,1,0
25,Nam,3,4912903,29,Nha Trang,Hà Nội,Chiều,Tiền mặt,0,1
30,Nam,2,1967256,29,Nha Trang,Hà Nội,Sáng,Chuyển khoản,1,0
46,Nam,0,3911647,29,Nha Trang,TP.HCM,Tối,Tiền mặt,1,0
44,Nam,1,4953325,25,Nha Trang,Đà Nẵng,Sáng,Tiền mặt,1,0
38,Nữ,5,3883737,23,TP.HCM,Nha Trang,Tối,Thẻ tín dụng,1,0
51,Nữ,3,694152,5,Đà Nẵng,Hà Nội,Tối,Ví điện tử,0,0
19,Nữ,0,4533123,22,Nha Trang,Đà Nẵng,Tối,Tiền mặt,1,0
46,Nam,0,1051238,1,Hà Nội,TP.HCM,Chiều,Thẻ tín dụng,0,0
21,Nam,2,1517375,1,Đà Nẵng,Hà Nội,Sáng,Tiền mặt,1,1
53,Nữ,1,1422401,23,TP.HCM,Nha Trang,Tối,Tiền mặt,1,0
30,Nam,0,4926421,13,TP.HCM,Hà Nội,Tối,Chuyển khoản,1,0
59,Nam,3,3026915,3,Nha Trang,Hà Nội,Chiều,Ví điện tử,1,1
24,Nữ,2,1380432,20,Nha Trang,TP.HCM,Chiều,Tiền mặt,1,0
43,Nam,1,4439625,19,Hà Nội,Đà Nẵng,Sáng,Ví điện tử,0,1
37,Nam,1,1466325,17,TP.HCM,Hà Nội,Chiều,Ví điện tử,0,0
24,Nữ,1,1983702,28,Hà Nội,Nha Trang,Chiều,Chuyển khoản,1,0
39,Nữ,5,3829782,26,TP.HCM,Đà Nẵng,Tối,Thẻ tín dụng,0,0
42,Nam,4,3401884,1,TP.HCM,Đà Nẵng,Tối,Chuyển khoản,1,1
54,Nữ,1,1661140,16,TP.HCM,Hà Nội,Tối,Ví điện tử,0,0
57,Nam,1,2576259,10,TP.HCM,Nha Trang,Sáng,Tiền mặt,1,1
40,Nữ,6,2323327,19,Đà Nẵng,TP.HCM,Tối,Ví điện tử,1,0
34,Nữ,4,1231636,26,Hà Nội,Đà Nẵng,Sáng,Thẻ tín dụng,0,0
62,Nam,2,2680139,27,Hà Nội,Đà Nẵng,Chiều,Thẻ tín dụng,1,1
62,Nữ,1,4271460,29,Đà Nẵng,TP.HCM,Chiều,Tiền mặt,1,0
33,Nữ,3,3574126,3,TP.HCM,Hà Nội,Tối,Chuyển khoản,0,0
58,Nữ,6,4278271,6,Hà Nội,Đà Nẵng,Tối,Tiền mặt,1,1
51,Nữ,2,1428864,10,TP.HCM,Nha Trang,Tối,Ví điện tử,1,0
29,Nữ,3,4634608,14,Hà Nội,TP.HCM,Sáng,Thẻ tín dụng,1,0
53,Nam,2,1604315,22,Đà Nẵng,Nha Trang,Tối,Ví điện tử,0,0
28,Nam,0,2380164,16,Hà Nội,TP.HCM,Sáng,Chuyển khoản,0,0
62,Nam,1,4813696,17,Đà Nẵng,TP.HCM,Chiều,Ví điện tử,0,0
49,Nam,1,4960168,4,TP.HCM,Hà Nội,Tối,Ví điện tử,1,0
47,Nữ,2,4260713,13,Đà Nẵng,Hà Nội,Sáng,Ví điện tử,1,0
37,Nam,2,749264,29,Hà Nội,Nha Trang,Tối,Thẻ tín dụng,1,0
37,Nam,2,1327150,28,Nha Trang,TP.HCM,Sáng,Ví điện tử,0,0
43,Nữ,3,3794900,3,TP.HCM,Hà Nội,Tối,Tiền mặt,1,1
34,Nữ,1,724062,3,TP.HCM,Đà Nẵng,Chiều,Chuyển khoản,1,0
52,Nữ,4,725687,29,TP.HCM,Đà Nẵng,Sáng,Tiền mặt,1,0
42,Nam,2,4435388,7,Nha Trang,Hà Nội,Sáng,Chuyển khoản,1,1
33,Nam,2,3638893,7,TP.HCM,Đà Nẵng,Tối,Thẻ tín dụng,1,0
37,Nữ,4,2608701,17,Đà Nẵng,Nha Trang,Tối,Chuyển khoản,1,0
30,Nam,4,4999367,2,Nha Trang,Đà Nẵng,Tối,Tiền mặt,0,0
30,Nam,3,3257506,23,Hà Nội,TP.HCM,Tối,Ví điện tử,1,0
53,Nam,1,616220,14,TP.HCM,Hà Nội,Sáng,Tiền mặt,0,0
39,Nữ,0,1831379,27,Đà Nẵng,Hà Nội,Chiều,Tiền mặt,1,0
57,Nữ,3,1547146,5,TP.HCM,Đà Nẵng,Tối,Tiền mặt,1,1
28,Nữ,3,2895406,3,Nha Trang,Đà Nẵng,Tối,Chuyển khoản,0,0
38,Nữ,5,2626861,10,Nha Trang,Đà Nẵng,Tối,Ví điện tử,1,0
63,Nữ,2,4261090,19,Nha Trang,Đà Nẵng,Tối,Tiền mặt,1,0
59,Nam,1,528885,25,Đà Nẵng,TP.HCM,Sáng,Tiền mặt,1,0
19,Nam,0,2343529,2,Đà Nẵng,Nha Trang,Sáng,Ví điện tử,0,0
28,Nam,3,2467754,28,TP.HCM,Đà Nẵng,Sáng,Tiền mặt,1,0
37,Nam,2,4049436,14,TP.HCM,Hà Nội,Tối,Chuyển khoản,1,0
39,Nam,4,873145,6,Hà Nội,Đà Nẵng,Sáng,Chuyển khoản,1,1
39,Nam,2,845744,19,TP.HCM,Nha Trang,Tối,Tiền mặt,1,0
27,Nam,2,932184,7,Hà Nội,TP.HCM,Sáng,Tiền mặt,1,1
45,Nam,0,4605513,27,Hà Nội,Nha Trang,Tối,Tiền mặt,0,0
59,Nam,0,3231801,25,Hà Nội,Đà Nẵng,Chiều,Ví điện tử,0,1
57,Nam,1,1485663,7,Hà Nội,Đà Nẵng,Tối,Tiền mặt,1,0
35,Nữ,0,3435012,2,Nha Trang,Hà Nội,Tối,Thẻ tín dụng,1,0
35,Nam,1,681789,12,Đà Nẵng,Nha Trang,Chiều,Tiền mặt,0,0
28,Nữ,3,712803,10,TP.HCM,Đà Nẵng,Chiều,Tiền mặt,1,0
36,Nam,1,3994679,2,Đà Nẵng,Nha Trang,Tối,Thẻ tín dụng,0,0
22,Nam,1,4720242,29,TP.HCM,Nha Trang,Tối,Tiền mặt,0,0
29,Nữ,5,4477497,26,Nha Trang,Hà Nội,Chiều,Ví điện tử,1,0
57,Nam,2,1492652,5,Nha Trang,Đà Nẵng,Sáng,Ví điện tử,0,0
58,Nữ,0,3176073,24,TP.HCM,Nha Trang,Sáng,Ví điện tử,1,0
49,Nữ,2,726179,11,Đà Nẵng,Hà Nội,Sáng,Thẻ tín dụng,1,0
40,Nữ,2,1700346,7,Đà Nẵng,Hà Nội,Chiều,Thẻ tín dụng,0,0
33,Nữ,4,4643403,12,TP.HCM,Hà Nội,Sáng,Ví điện tử,1,0
50,Nam,0,3453028,22,TP.HCM,Nha Trang,Sáng,Ví điện tử,1,0
52,Nữ,0,4090511,26,TP.HCM,Nha Trang,Sáng,Chuyển khoản,1,0
21,Nam,1,2710920,8,Hà Nội,Đà Nẵng,Tối,Thẻ tín dụng,1,0
60,Nam,2,2666354,22,TP.HCM,Đà Nẵng,Sáng,Thẻ tín dụng,0,0
21,Nữ,1,4461635,25,Hà Nội,TP.HCM,Sáng,Ví điện tử,1,0
54,Nữ,2,2306242,25,TP.HCM,Đà Nẵng,Sáng,Ví điện tử,1,0
21,Nam,1,2032337,15,Nha Trang,Đà Nẵng,Chiều,Chuyển khoản,0,0
22,Nam,1,4022810,27,Nha Trang,Hà Nội,Sáng,Tiền mặt,1,0
56,Nam,0,3406405,23,Hà Nội,TP.HCM,Sáng,Chuyển khoản,1,0
26,Nam,3,2730653,15,TP.HCM,Hà Nội,Tối,Tiền mặt,1,0
60,Nữ,5,2643167,12,Nha Trang,TP.HCM,Chiều,Chuyển khoản,1,0
39,Nữ,3,1850339,12,TP.HCM,Nha Trang,Tối,Thẻ tín dụng,0,0
37,Nam,0,4086575,5,Hà Nội,TP.HCM,Tối,Tiền mặt,1,0
54,Nam,2,1208669,4,Đà Nẵng,Hà Nội,Sáng,Thẻ tín dụng,0,0
62,Nữ,1,3498851,27,Đà Nẵng,TP.HCM,Chiều,Chuyển khoản,1,0
27,Nam,2,4870297,10,Đà Nẵng,Hà Nội,Chiều,Tiền mặt,0,0
38,Nữ,0,2548880,7,Đà Nẵng,TP.HCM,Sáng,Ví điện tử,1,0
26,Nam,0,4467454,20,TP.HCM,Nha Trang,Chiều,Ví điện tử,1,0
36,Nữ,1,1235053,24,TP.HCM,Hà Nội,Sáng,Chuyển khoản,1,0
53,Nam,4,754043,16,TP.HCM,Hà Nội,Tối,Thẻ tín dụng,1,0
37,Nam,2,973006,6,Nha Trang,Hà Nội,Sáng,Thẻ tín dụng,1,1
50,Nam,1,2290228,3,Nha Trang,TP.HCM,Chiều,Ví điện tử,0,0
62,Nam,1,718547,12,Đà Nẵng,Hà Nội,Tối,Thẻ tín dụng,0,0
40,Nam,1,1893488,29,Nha Trang,Hà Nội,Tối,Ví điện tử,1,0
24,Nữ,4,4522529,4,Nha Trang,TP.HCM,Tối,Ví điện tử,1,1
35,Nam,2,4877987,6,Nha Trang,Đà Nẵng,Tối,Ví điện tử,0,0
21,Nam,2,2648164,18,TP.HCM,Nha Trang,Sáng,Chuyển khoản,0,0
35,Nam,2,1215003,9,Nha Trang,TP.HCM,Chiều,Tiền mặt,1,1
52,Nữ,3,3070348,1,Hà Nội,Đà Nẵng,Chiều,Thẻ tín dụng,0,0
49,Nam,4,1145649,27,Hà Nội,Đà Nẵng,Sáng,Thẻ tín dụng,0,0
61,Nữ,3,2875163,6,TP.HCM,Đà Nẵng,Chiều,Chuyển khoản,0,0
26,Nam,3,2199547,4,Hà Nội,Nha Trang,Chiều,Chuyển khoản,1,1
45,Nam,2,658998,16,Nha Trang,Hà Nội,Sáng,Thẻ tín dụng,1,0
21,Nữ,1,4961918,12,Nha Trang,Hà Nội,Sáng,Chuyển khoản,1,0
59,Nam,2,4848366,12,Hà Nội,Đà Nẵng,Tối,Ví điện tử,1,0
58,Nam,2,2387717,13,Nha Trang,Hà Nội,Sáng,Tiền mặt,1,0
61,Nam,3,1899298,22,TP.HCM,Đà Nẵng,Tối,Chuyển khoản,1,0
29,Nữ,1,837164,24,Nha Trang,Hà Nội,Chiều,Chuyển khoản,1,0
41,Nam,1,4743780,10,Nha Trang,Hà Nội,Sáng,Tiền mặt,0,0
38,Nữ,4,2638421,3,Đà Nẵng,TP.HCM,Chiều,Thẻ tín dụng,0,0
57,Nữ,0,2688077,14,Nha Trang,TP.HCM,Tối,Thẻ tín dụng,0,0
53,Nữ,1,2189576,2,Đà Nẵng,Hà Nội,Chiều,Ví điện tử,0,0
45,Nữ,3,4571650,28,Nha Trang,Đà Nẵng,Chiều,Tiền mặt,1,0
37,Nữ,1,4364376,21,Đà Nẵng,Hà Nội,Chiều,Tiền mặt,1,0
27,Nữ,1,4531103,13,TP.HCM,Nha Trang,Sáng,Tiền mặt,0,0
43,Nam,4,2150375,11,Hà Nội,TP.HCM,Sáng,Ví điện tử,1,0
23,Nam,1,2837208,2,Đà Nẵng,TP.HCM,Chiều,Thẻ tín dụng,0,0
24,Nữ,2,3700090,14,Nha Trang,Đà Nẵng,Sáng,Thẻ tín dụng,1,0
39,Nữ,2,1070993,15,Hà Nội,Đà Nẵng,Tối,Thẻ tín dụng,0,0
54,Nam,1,2673577,15,Đà Nẵng,Nha Trang,Chiều,Chuyển khoản,0,0
35,Nam,1,4727234,2,Hà Nội,Nha Trang,Sáng,Tiền mặt,1,0
58,Nữ,2,1272838,13,Hà Nội,Nha Trang,Chiều,Thẻ tín dụng,1,0
47,Nam,0,2565306,26,TP.HCM,Hà Nội,Tối,Tiền mặt,0,0
55,Nữ,4,3538783,29,Đà Nẵng,Nha Trang,Sáng,Ví điện tử,1,0
56,Nữ,2,4729491,11,Đà Nẵng,TP.HCM,Sáng,Tiền mặt,0,0
44,Nam,1,1041797,14,Đà Nẵng,Nha Trang,Sáng,Thẻ tín dụng,0,0
64,Nữ,2,760710,1,Đà Nẵng,TP.HCM,Sáng,Ví điện tử,1,1
20,Nữ,1,1905419,29,TP.HCM,Đà Nẵng,Sáng,Tiền mặt,1,0
19,Nam,3,1961742,6,TP.HCM,Đà Nẵng,Chiều,Thẻ tín dụng,1,1
22,Nữ,3,2927115,26,Đà Nẵng,TP.HCM,Chiều,Ví điện tử,1,0
33,Nữ,0,612036,3,TP.HCM,Hà Nội,Chiều,Tiền mặt,1,0
33,Nam,1,4121301,27,Đà Nẵng,Hà Nội,Tối,Thẻ tín dụng,1,0
55,Nữ,3,1858356,8,Hà Nội,Đà Nẵng,Sáng,Chuyển khoản,1,1
37,Nam,3,2658344,15,Đà Nẵng,Hà Nội,Sáng,Thẻ tín dụng,1,0
33,Nữ,2,2778214,23,TP.HCM,Đà Nẵng,Chiều,Tiền mặt,1,0
55,Nữ,0,2667461,14,Nha Trang,Hà Nội,Chiều,Ví điện tử,1,0
44,Nữ,1,4165842,17,TP.HCM,Hà Nội,Sáng,Thẻ tín dụng,1,0
40,Nữ,3,2663769,14,Đà Nẵng,Nha Trang,Sáng,Ví điện tử,1,0
44,Nữ,2,1279957,29,TP.HCM,Đà Nẵng,Sáng,Tiền mặt,1,0
23,Nữ,1,1496433,23,Đà Nẵng,Nha Trang,Sáng,Tiền mặt,1,0
37,Nam,3,4536480,21,Hà Nội,Nha Trang,Tối,Tiền mặt,0,0
64,Nam,2,1070303,12,Hà Nội,Nha Trang,Tối,Thẻ tín dụng,0,0
41,Nữ,1,3160891,4,Nha Trang,TP.HCM,Sáng,Chuyển khoản,1,0
34,Nữ,2,3345376,15,Đà Nẵng,Hà Nội,Chiều,Thẻ tín dụng,1,0
22,Nam,2,4934921,18,Nha Trang,Đà Nẵng,Chiều,Ví điện tử,1,0
20,Nữ,2,647631,15,Hà Nội,Đà Nẵng,Sáng,Chuyển khoản,0,0
49,Nam,4,3946839,3,Hà Nội,TP.HCM,Tối,Thẻ tín dụng,1,1
42,Nam,2,4154250,13,Đà Nẵng,Hà Nội,Tối,Tiền mặt,0,0
53,Nam,0,2739155,21,Nha Trang,Đà Nẵng,Tối,Thẻ tín dụng,0,0
35,Nam,4,1885049,21,TP.HCM,Nha Trang,Chiều,Thẻ tín dụng,1,0
26,Nam,2,4714959,14,Nha Trang,Đà Nẵng,Tối,Tiền mặt,1,0
56,Nam,0,1891538,20,Hà Nội,Nha Trang,Sáng,Ví điện tử,0,0
54,Nam,3,1258795,3,Nha Trang,Hà Nội,Tối,Thẻ tín dụng,1,1
49,Nam,3,4297920,4,TP.HCM,Nha Trang,Chiều,Chuyển khoản,0,0
46,Nữ,2,3240855,10,Hà Nội,Nha Trang,Sáng,Chuyển khoản,0,0
35,Nữ,1,3318767,11,TP.HCM,Đà Nẵng,Tối,Ví điện tử,1,0
59,Nữ,0,2628825,20,Nha Trang,TP.HCM,Tối,Ví điện tử,1,0
55,Nam,0,3722989,1,TP.HCM,Hà Nội,Tối,Tiền mặt,1,0
61,Nữ,4,3055517,3,Đà Nẵng,TP.HCM,Tối,Thẻ tín dụng,0,0
20,Nam,1,3642536,26,Đà Nẵng,TP.HCM,Sáng,Tiền mặt,1,0
21,Nam,1,4860866,23,Đà Nẵng,TP.HCM,Chiều,Ví điện tử,0,1
58,Nam,3,3561316,26,Nha Trang,Đà Nẵng,Tối,Tiền mặt,0,0
60,Nam,3,1385621,23,Nha Trang,Hà Nội,Sáng,Thẻ tín dụng,0,1
41,Nam,4,3887841,11,Hà Nội,Nha Trang,Sáng,Tiền mặt,1,0
38,Nữ,1,2593333,21,Đà Nẵng,TP.HCM,Sáng,Tiền mặt,0,0
47,Nam,1,3769960,19,Đà Nẵng,Nha Trang,Tối,Ví điện tử,1,0
22,Nữ,1,1952242,23,Hà Nội,Nha Trang,Chiều,Chuyển khoản,1,0
44,Nam,2,3985862,28,Đà Nẵng,TP.HCM,Sáng,Chuyển khoản,1,0
36,Nam,2,1142911,12,Đà Nẵng,Hà Nội,Sáng,Thẻ tín dụng,1,0
22,Nữ,3,1456010,23,TP.HCM,Nha Trang,Tối,Thẻ tín dụng,0,0
47,Nữ,4,3679888,6,Nha Trang,Hà Nội,Tối,Chuyển khoản,1,1
41,Nam,3,4485853,29,TP.HCM,Nha Trang,Sáng,Thẻ tín dụng,0,0
23,Nữ,4,4789639,18,TP.HCM,Nha Trang,Tối,Thẻ tín dụng,1,0
27,Nữ,2,853153,25,Hà Nội,Nha Trang,Sáng,Ví điện tử,1,0
51,Nữ,0,1482014,10,Hà Nội,Nha Trang,Tối,Thẻ tín dụng,1,0
36,Nam,0,4764550,9,Hà Nội,TP.HCM,Sáng,Chuyển khoản,0,0
28,Nữ,2,4632443,29,Hà Nội,Nha Trang,Chiều,Chuyển khoản,1,0
19,Nam,0,3284975,16,Đà Nẵng,Hà Nội,Tối,Tiền mặt,0,0
28,Nam,2,648469,15,Nha Trang,Hà Nội,Chiều,Thẻ tín dụng,1,0
60,Nữ,1,3204114,2,Đà Nẵng,Nha Trang,Tối,Tiền mặt,0,0
48,Nữ,1,4884077,25,Nha Trang,Đà Nẵng,Chiều,Tiền mặt,0,0
43,Nữ,2,2757728,21,Nha Trang,Hà Nội,Tối,Chuyển khoản,1,0
61,Nữ,3,4565011,3,Đà Nẵng,TP.HCM,Chiều,Thẻ tín dụng,1,1
63,Nam,4,734433,24,Nha Trang,Hà Nội,Sáng,Tiền mặt,1,0
63,Nữ,0,3407658,23,Đà Nẵng,Nha Trang,Chiều,Thẻ tín dụng,0,0
44,Nữ,3,4793548,21,Đà Nẵng,TP.HCM,Tối,Tiền mặt,1,0
55,Nam,1,4432613,9,Đà Nẵng,Hà Nội,Chiều,Thẻ tín dụng,0,0
22,Nam,2,2573890,12,Đà Nẵng,TP.HCM,Chiều,Thẻ tín dụng,1,0
56,Nữ,4,3296647,22,Đà Nẵng,TP.HCM,Chiều,Thẻ tín dụng,1,0
37,Nữ,1,565867,13,Hà Nội,Nha Trang,Sáng,Ví điện tử,1,0
63,Nam,2,1519051,9,Hà Nội,TP.HCM,Tối,Thẻ tín dụng,0,1
30,Nam,3,3620452,22,Nha Trang,Hà Nội,Chiều,Chuyển khoản,1,0
35,Nữ,0,1175899,23,Hà Nội,Đà Nẵng,Sáng,Chuyển khoản,1,0
35,Nữ,3,1638452,17,Hà Nội,Nha Trang,Sáng,Tiền mặt,1,0
31,Nữ,3,3844849,23,Đà Nẵng,Hà Nội,Chiều,Thẻ tín dụng,1,0
57,Nam,1,2677040,19,Hà Nội,Nha Trang,Sáng,Ví điện tử,0,0
54,Nữ,4,4324857,29,Đà Nẵng,TP.HCM,Chiều,Chuyển khoản,1,0
33,Nữ,3,659472,21,Hà Nội,Nha Trang,Tối,Thẻ tín dụng,1,0
34,Nữ,1,2897466,20,Nha Trang,TP.HCM,Tối,Ví điện tử,1,0
55,Nữ,2,4709689,25,Nha Trang,TP.HCM,Sáng,Tiền mặt,0,0
63,Nữ,2,2850876,10,Đà Nẵng,Hà Nội,Sáng,Thẻ tín dụng,0,0
53,Nam,0,3367695,24,Hà Nội,Đà Nẵng,Tối,Thẻ tín dụng,1,0
42,Nữ,1,1667213,18,Hà Nội,Nha Trang,Sáng,Ví điện tử,1,0
52,Nữ,3,2066772,28,Nha Trang,TP.HCM,Chiều,Thẻ tín dụng,0,0
48,Nữ,3,1511214,11,Đà Nẵng,TP.HCM,Chiều,Ví điện tử,1,0
60,Nam,0,2436513,20,Hà Nội,TP.HCM,Chiều,Thẻ tín dụng,0,0
55,Nam,3,4702618,8,TP.HCM,Nha Trang,Tối,Ví điện tử,1,1
31,Nữ,4,1262790,14,Đà Nẵng,Nha Trang,Tối,Tiền mặt,1,0
42,Nam,2,1107317,21,Đà Nẵng,TP.HCM,Chiều,Thẻ tín dụng,0,0
40,Nam,1,3376237,8,TP.HCM,Hà Nội,Chiều,Thẻ tín dụng,1,0
54,Nữ,2,683024,17,Nha Trang,TP.HCM,Tối,Chuyển khoản,1,0
39,Nam,0,4330371,12,Nha Trang,Hà Nội,Sáng,Chuyển khoản,0,0
40,Nữ,2,4125613,12,Hà Nội,TP.HCM,Tối,Ví điện tử,0,1
23,Nữ,1,3591287,5,Nha Trang,Hà Nội,Chiều,Ví điện tử,0,0
57,Nam,2,3533361,12,Đà Nẵng,TP.HCM,Tối,Tiền mặt,0,0
57,Nữ,4,3038076,10,TP.HCM,Hà Nội,Chiều,Chuyển khoản,0,0
35,Nữ,4,579971,5,Đà Nẵng,Hà Nội,Sáng,Thẻ tín dụng,0,0
25,Nam,2,1699110,8,Hà Nội,TP.HCM,Sáng,Thẻ tín dụng,0,0
45,Nữ,0,3328340,18,Đà Nẵng,TP.HCM,Sáng,Chuyển khoản,1,0
61,Nam,3,3379198,15,Hà Nội,Nha Trang,Tối,Thẻ tín dụng,1,0
28,Nữ,2,3373798,14,Đà Nẵng,Hà Nội,Tối,Chuyển khoản,0,0
26,Nam,2,2843145,25,TP.HCM,Hà Nội,Chiều,Chuyển khoản,1,0
36,Nam,2,2094441,4,TP.HCM,Hà Nội,Tối,Chuyển khoản,1,1
38,Nữ,5,3684074,16,Đà Nẵng,Hà Nội,Sáng,Thẻ tín dụng,1,0
60,Nữ,4,3006976,10,Đà Nẵng,Hà Nội,Sáng,Thẻ tín dụng,1,0
54,Nữ,5,3578378,20,Nha Trang,TP.HCM,Tối,Tiền mặt,0,0
22,Nam,0,1825831,25,Nha Trang,Đà Nẵng,Tối,Ví điện tử,0,0
40,Nam,2,4411251,18,TP.HCM,Nha Trang,Sáng,Thẻ tín dụng,1,0
63,Nữ,3,4329994,3,TP.HCM,Hà Nội,Sáng,Ví điện tử,1,1
54,Nam,2,1383435,17,Đà Nẵng,Hà Nội,Chiều,Chuyển khoản,1,0
33,Nam,1,4272380,13,TP.HCM,Đà Nẵng,Tối,Thẻ tín dụng,1,0
27,Nữ,3,2718222,14,TP.HCM,Hà Nội,Sáng,Chuyển khoản,1,0
58,Nữ,2,2462160,25,TP.HCM,Nha Trang,Chiều,Chuyển khoản,1,0
56,Nữ,1,3531863,8,Nha Trang,Đà Nẵng,Tối,Thẻ tín dụng,1,0
47,Nam,1,1121747,6,TP.HCM,Hà Nội,Sáng,Chuyển khoản,1,0
33,Nữ,3,3195563,7,Nha Trang,Đà Nẵng,Chiều,Thẻ tín dụng,0,0
59,Nam,4,816790,4,Nha Trang,TP.HCM,Sáng,Ví điện tử,1,1
19,Nữ,2,1393150,8,TP.HCM,Hà Nội,Tối,Chuyển khoản,1,1
29,Nam,1,4440063,16,Nha Trang,TP.HCM,Sáng,Ví điện tử,1,0
38,Nữ,2,3837013,5,Nha Trang,Hà Nội,Chiều,Chuyển khoản,0,0
52,Nam,4,2645265,22,TP.HCM,Hà Nội,Sáng,Ví điện tử,0,0
44,Nam,1,2850959,14,Hà Nội,Đà Nẵng,Chiều,Tiền mặt,1,0
40,Nam,4,1271279,19,Nha Trang,Đà Nẵng,Chiều,Tiền mặt,1,1
55,Nữ,2,3371083,28,Đà Nẵng,Nha Trang,Sáng,Ví điện tử,1,0
26,Nữ,4,883609,12,Hà Nội,TP.HCM,Chiều,Thẻ tín dụng,1,0
55,Nam,1,1786353,16,Nha Trang,TP.HCM,Tối,Thẻ tín dụng,1,0
43,Nam,1,1319593,24,Nha Trang,Hà Nội,Chiều,Chuyển khoản,1,0
23,Nữ,2,1516783,22,Nha Trang,Hà Nội,Chiều,Thẻ tín dụng,0,1
37,Nữ,0,1063889,2,Nha Trang,TP.HCM,Sáng,Tiền mặt,1,0
48,Nam,2,4498585,17,Đà Nẵng,Hà Nội,Tối,Thẻ tín dụng,0,0
24,Nam,0,2739164,3,Đà Nẵng,Hà Nội,Chiều,Tiền mặt,0,0
61,Nữ,6,2386522,17,Đà Nẵng,Hà Nội,Tối,Ví điện tử,1,0
27,Nam,3,4431792,8,TP.HCM,Hà Nội,Chiều,Ví điện tử,1,1
57,Nữ,3,4480527,18,TP.HCM,Hà Nội,Chiều,Ví điện tử,1,0
29,Nữ,0,4396134,14,TP.HCM,Nha Trang,Tối,Chuyển khoản,0,0
38,Nữ,0,3691319,23,Hà Nội,TP.HCM,Chiều,Ví điện tử,0,0
34,Nữ,4,1343810,4,Đà Nẵng,TP.HCM,Tối,Chuyển khoản,1,1
40,Nữ,2,1591014,11,Hà Nội,TP.HCM,Chiều,Tiền mặt,1,0
30,Nam,2,4327233,7,Hà Nội,TP.HCM,Chiều,Chuyển khoản,1,1
33,Nam,4,884903,13,Đà Nẵng,TP.HCM,Tối,Ví điện tử,1,0
28,Nam,1,2040710,19,Đà Nẵng,Hà Nội,Sáng,Ví điện tử,1,0
56,Nam,4,3443430,9,Nha Trang,Hà Nội,Tối,Tiền mặt,0,0
23,Nữ,1,1016576,1,Nha Trang,Hà Nội,Tối,Thẻ tín dụng,1,0
20,Nam,3,4907900,4,Đà Nẵng,Hà Nội,Chiều,Chuyển khoản,1,1
39,Nữ,3,2164005,20,Đà Nẵng,Hà Nội,Tối,Tiền mặt,0,0
42,Nam,3,941168,21,TP.HCM,Đà Nẵng,Sáng,Ví điện tử,1,0
37,Nam,3,2604385,15,Nha Trang,TP.HCM,Tối,Ví điện tử,1,0
39,Nam,2,3855000,14,Hà Nội,TP.HCM,Chiều,Tiền mặt,1,0
47,Nữ,2,4084476,11,Nha Trang,Đà Nẵng,Chiều,Ví điện tử,1,0
40,Nam,3,1182346,28,Hà Nội,Nha Trang,Tối,Thẻ tín dụng,1,0
60,Nam,1,2450500,6,Đà Nẵng,Hà Nội,Sáng,Chuyển khoản,1,0
58,Nam,1,4188498,24,Đà Nẵng,TP.HCM,Tối,Thẻ tín dụng,0,0
52,Nữ,2,3928261,11,Hà Nội,Nha Trang,Chiều,Thẻ tín dụng,1,0
24,Nữ,1,947628,18,Đà Nẵng,Hà Nội,Chiều,Chuyển khoản,1,0
26,Nữ,2,3013595,2,TP.HCM,Nha Trang,Chiều,Thẻ tín dụng,1,1
48,Nữ,1,2400302,13,Nha Trang,Hà Nội,Sáng,Thẻ tín dụng,1,0
64,Nam,2,2741105,20,Nha Trang,TP.HCM,Tối,Tiền mặt,1,0
37,Nam,1,1595589,10,Nha Trang,Hà Nội,Tối,Tiền mặt,1,0
18,Nam,3,2989667,12,TP.HCM,Nha Trang,Chiều,Tiền mặt,1,0
47,Nam,3,2895067,23,Hà Nội,Đà Nẵng,Tối,Thẻ tín dụng,1,0
41,Nam,1,3775072,17,Hà Nội,Nha Trang,Chiều,Ví điện tử,1,1
46,Nữ,1,2726217,28,TP.HCM,Nha Trang,Tối,Chuyển khoản,1,0
27,Nam,2,2551933,10,Đà Nẵng,Nha Trang,Tối,Chuyển khoản,1,0
59,Nam,2,713299,27,Đà Nẵng,Hà Nội,Sáng,Tiền mặt,1,0
18,Nữ,4,4189638,9,TP.HCM,Đà Nẵng,Chiều,Ví điện tử,0,0
64,Nam,1,3863712,19,Hà Nội,Đà Nẵng,Chiều,Tiền mặt,0,0
54,Nam,0,4157919,26,Nha Trang,Đà Nẵng,Sáng,Tiền mặt,1,1
50,Nam,2,3164649,24,Hà Nội,TP.HCM,Tối,Tiền mặt,0,0
30,Nam,1,2654327,2,Nha Trang,Hà Nội,Tối,Chuyển khoản,0,0
26,Nữ,5,3268654,3,TP.HCM,Nha Trang,Chiều,Chuyển khoản,1,1
39,Nam,2,504331,25,Nha Trang,Đà Nẵng,Sáng,Chuyển khoản,0,0
51,Nữ,2,1633243,6,Đà Nẵng,TP.HCM,Tối,Ví điện tử,0,0
46,Nữ,3,1066819,16,Nha Trang,Hà Nội,Tối,Thẻ tín dụng,1,0
33,Nam,1,1137031,6,TP.HCM,Nha Trang,Sáng,Thẻ tín dụng,1,0
35,Nam,1,1965088,7,Hà Nội,Đà Nẵng,Sáng,Tiền mặt,1,0
37,Nữ,6,677216,13,TP.HCM,Hà Nội,Sáng,Thẻ tín dụng,1,0
45,Nữ,2,4919425,13,TP.HCM,Hà Nội,Tối,Tiền mặt,1,0
49,Nữ,3,2806569,8,Đà Nẵng,TP.HCM,Tối,Ví điện tử,1,1
22,Nữ,0,2691306,20,Đà Nẵng,Hà Nội,Tối,Thẻ tín dụng,1,0
18,Nam,3,3903209,2,Hà Nội,Nha Trang,Tối,Ví điện tử,1,1
23,Nữ,1,591679,10,Đà Nẵng,Hà Nội,Sáng,Tiền mặt,0,0
25,Nữ,1,4488395,8,Hà Nội,Nha Trang,Chiều,Tiền mặt,1,0
36,Nữ,2,3449908,18,Đà Nẵng,Hà Nội,Chiều,Chuyển khoản,0,0
43,Nam,3,4202085,14,Hà Nội,Đà Nẵng,Sáng,Ví điện tử,1,0
56,Nam,2,4085854,29,Đà Nẵng,Nha Trang,Tối,Chuyển khoản,1,0
57,Nam,2,3658546,26,TP.HCM,Nha Trang,Chiều,Chuyển khoản,0,0
64,Nam,1,4572091,13,Nha Trang,Hà Nội,Tối,Ví điện tử,1,0
38,Nữ,1,4576773,22,Đà Nẵng,Hà Nội,Tối,Ví điện tử,1,0
58,Nữ,0,4383337,23,Hà Nội,TP.HCM,Chiều,Thẻ tín dụng,1,0
64,Nam,2,4631279,3,Đà Nẵng,Hà Nội,Tối,Ví điện tử,1,1
20,Nữ,4,1224071,10,Nha Trang,Hà Nội,Tối,Ví điện tử,1,0
42,Nữ,1,3399675,8,Hà Nội,TP.HCM,Tối,Ví điện tử,1,0
39,Nam,3,736436,12,Hà Nội,Đà Nẵng,Sáng,Ví điện tử,1,0
52,Nữ,3,987335,6,Hà Nội,Đà Nẵng,Chiều,Thẻ tín dụng,1,1
44,Nam,1,1866851,11,Hà Nội,Đà Nẵng,Chiều,Chuyển khoản,0,0
29,Nam,3,3599449,19,Đà Nẵng,Nha Trang,Chiều,Tiền mặt,0,0
30,Nam,2,4627436,26,Nha Trang,Đà Nẵng,Chiều,Tiền mặt,1,0
37,Nữ,0,2778845,13,Hà Nội,TP.HCM,Sáng,Thẻ tín dụng,1,0
33,Nữ,3,4961835,20,Nha Trang,TP.HCM,Tối,Tiền mặt,1,0
60,Nam,4,3753965,1,Hà Nội,Nha Trang,Sáng,Ví điện tử,1,1
32,Nam,1,1084933,14,TP.HCM,Đà Nẵng,Sáng,Chuyển khoản,1,0
28,Nữ,1,755539,22,Đà Nẵng,Nha Trang,Sáng,Ví điện tử,0,0
39,Nam,4,512120,8,TP.HCM,Đà Nẵng,Sáng,Ví điện tử,0,1
32,Nữ,2,1334030,9,Đà Nẵng,Hà Nội,Sáng,Tiền mặt,1,1
56,Nữ,1,2959730,25,Nha Trang,Hà Nội,Tối,Tiền mặt,1,0
64,Nữ,0,4837739,20,Nha Trang,TP.HCM,Sáng,Chuyển khoản,0,1
58,Nữ,1,2034230,27,TP.HCM,Hà Nội,Sáng,Ví điện tử,1,0
45,Nam,0,2162656,18,Đà Nẵng,Hà Nội,Chiều,Chuyển khoản,1,0
57,Nam,1,1695307,14,TP.HCM,Đà Nẵng,Sáng,Thẻ tín dụng,1,1
58,Nam,2,2292363,11,Đà Nẵng,Nha Trang,Tối,Thẻ tín dụng,1,0
61,Nữ,1,2202424,12,Hà Nội,Đà Nẵng,Tối,Thẻ tín dụng,1,0
26,Nam,2,4819859,17,Hà Nội,TP.HCM,Tối,Thẻ tín dụng,1,0
25,Nữ,2,1422229,18,Đà Nẵng,Nha Trang,Chiều,Tiền mặt,1,0
63,Nữ,6,954529,27,Hà Nội,Đà Nẵng,Chiều,Ví điện tử,1,0
25,Nam,2,4454780,1,TP.HCM,Đà Nẵng,Tối,Thẻ tín dụng,0,0
50,Nữ,3,3952097,28,TP.HCM,Nha Trang,Tối,Tiền mặt,0,0
28,Nữ,2,1122207,28,Đà Nẵng,TP.HCM,Tối,Thẻ tín dụng,1,1
27,Nam,2,1809989,7,Đà Nẵng,Nha Trang,Tối,Chuyển khoản,1,0
31,Nữ,3,4140377,9,TP.HCM,Hà Nội,Tối,Ví điện tử,0,0
56,Nữ,2,4371018,15,Đà Nẵng,Hà Nội,Tối,Thẻ tín dụng,0,0
29,Nam,1,4077643,22,TP.HCM,Hà Nội,Sáng,Ví điện tử,1,0
47,Nữ,1,1299288,18,Nha Trang,Hà Nội,Sáng,Chuyển khoản,1,0
43,Nam,3,1286796,9,Hà Nội,Đà Nẵng,Tối,Tiền mặt,1,1
20,Nam,3,4419736,3,TP.HCM,Đà Nẵng,Sáng,Tiền mặt,1,1
62,Nữ,0,2399955,19,Đà Nẵng,Hà Nội,Chiều,Chuyển khoản,0,0
51,Nữ,2,4232238,6,Nha Trang,TP.HCM,Chiều,Thẻ tín dụng,1,1
51,Nữ,0,1844091,29,TP.HCM,Nha Trang,Chiều,Chuyển khoản,1,0
23,Nam,4,4458905,19,Đà Nẵng,TP.HCM,Tối,Tiền mặt,0,0
